Kód kraja,Názov kraja,Kód územného obvodu,Názov územného obvodu,Číslo politického subjektu,Názov politického subjektu,Počet platných hlasov,Podiel platných hlasov v %,"Počet voličov, ktorí využili právo prednostného hlasovania","Podiel voličov, ktorí využili právo prednostného hlasovania v %"
1,Bratislavský kraj,101,Bratislava,1,Pirátska strana - Slovensko,710,0.25,451,63.52
1,Bratislavský kraj,101,Bratislava,2,PRINCÍP,74,0.02,52,70.27
1,Bratislavský kraj,101,Bratislava,3,Progresívne Slovensko,93835,33.95,72213,76.95
1,Bratislavský kraj,101,Bratislava,4,SPOLOČNE OBČANIA SLOVENSKA,142,0.05,71,50.0
1,Bratislavský kraj,101,Bratislava,5,OĽANO A PRIATELIA,14834,5.36,12832,86.5
1,Bratislavský kraj,101,Bratislava,6,Komunistická strana Slovenska,413,0.14,249,60.29
1,Bratislavský kraj,101,Bratislava,7,Maďarské fórum,196,0.07,167,85.2
1,Bratislavský kraj,101,Bratislava,8,Vlastenecký blok,65,0.02,42,64.61
1,Bratislavský kraj,101,Bratislava,9,"Modrí, Most - Híd",930,0.33,734,78.92
1,Bratislavský kraj,101,Bratislava,10,SPRAVODLIVOSŤ,124,0.04,82,66.12
1,Bratislavský kraj,101,Bratislava,11,Slovenské Hnutie Obrody,63,0.02,39,61.9
1,Bratislavský kraj,101,Bratislava,12,Sloboda a Solidarita,38091,13.78,31687,83.18
1,Bratislavský kraj,101,Bratislava,13,SME RODINA,4131,1.49,3355,81.21
1,Bratislavský kraj,101,Bratislava,14,MySlovensko,254,0.09,167,65.74
1,Bratislavský kraj,101,Bratislava,15,Slovenská národná strana,11337,4.1,10014,88.33
1,Bratislavský kraj,101,Bratislava,16,SMER - sociálna demokracia,48341,17.49,39817,82.36
1,Bratislavský kraj,101,Bratislava,17,HLAS - sociálna demokracia,25893,9.36,20944,80.88
1,Bratislavský kraj,101,Bratislava,18,SZÖVETSÉG - Magyarok,1462,0.52,1154,78.93
1,Bratislavský kraj,101,Bratislava,19,SRDCE vlastenci a dôchodcovia,199,0.07,118,59.29
1,Bratislavský kraj,101,Bratislava,20,SDKU - DS,51,0.01,27,52.94
1,Bratislavský kraj,101,Bratislava,21,Kotlebovci - Ľudová strana Naše Slovensko,1412,0.51,1250,88.52
1,Bratislavský kraj,101,Bratislava,22,Demokrati,12684,4.58,11142,87.84
1,Bratislavský kraj,101,Bratislava,23,Kresťanskodemokratické hnutie,13553,4.9,10727,79.14
1,Bratislavský kraj,101,Bratislava,24,KARMA,210,0.07,107,50.95
1,Bratislavský kraj,101,Bratislava,25,REPUBLIKA,7352,2.66,6228,84.71
1,Bratislavský kraj,102,Malacky,1,Pirátska strana - Slovensko,175,0.39,101,57.71
1,Bratislavský kraj,102,Malacky,2,PRINCÍP,10,0.02,6,60.0
1,Bratislavský kraj,102,Malacky,3,Progresívne Slovensko,9540,21.65,6776,71.02
1,Bratislavský kraj,102,Malacky,4,SPOLOČNE OBČANIA SLOVENSKA,41,0.09,23,56.09
1,Bratislavský kraj,102,Malacky,5,OĽANO A PRIATELIA,3690,8.37,3033,82.19
1,Bratislavský kraj,102,Malacky,6,Komunistická strana Slovenska,145,0.32,89,61.37
1,Bratislavský kraj,102,Malacky,7,Maďarské fórum,15,0.03,12,80.0
1,Bratislavský kraj,102,Malacky,8,Vlastenecký blok,17,0.03,14,82.35
1,Bratislavský kraj,102,Malacky,9,"Modrí, Most - Híd",60,0.13,49,81.66
1,Bratislavský kraj,102,Malacky,10,SPRAVODLIVOSŤ,25,0.05,10,40.0
1,Bratislavský kraj,102,Malacky,11,Slovenské Hnutie Obrody,19,0.04,12,63.15
1,Bratislavský kraj,102,Malacky,12,Sloboda a Solidarita,3698,8.39,2983,80.66
1,Bratislavský kraj,102,Malacky,13,SME RODINA,1223,2.77,983,80.37
1,Bratislavský kraj,102,Malacky,14,MySlovensko,79,0.17,60,75.94
1,Bratislavský kraj,102,Malacky,15,Slovenská národná strana,2091,4.74,1835,87.75
1,Bratislavský kraj,102,Malacky,16,SMER - sociálna demokracia,10552,23.95,8780,83.2
1,Bratislavský kraj,102,Malacky,17,HLAS - sociálna demokracia,6267,14.22,5060,80.74
1,Bratislavský kraj,102,Malacky,18,SZÖVETSÉG - Magyarok,26,0.05,19,73.07
1,Bratislavský kraj,102,Malacky,19,SRDCE vlastenci a dôchodcovia,27,0.06,15,55.55
1,Bratislavský kraj,102,Malacky,20,SDKU - DS,16,0.03,7,43.75
1,Bratislavský kraj,102,Malacky,21,Kotlebovci - Ľudová strana Naše Slovensko,418,0.94,340,81.33
1,Bratislavský kraj,102,Malacky,22,Demokrati,1645,3.73,1370,83.28
1,Bratislavský kraj,102,Malacky,23,Kresťanskodemokratické hnutie,1961,4.45,1342,68.43
1,Bratislavský kraj,102,Malacky,24,KARMA,46,0.1,32,69.56
1,Bratislavský kraj,102,Malacky,25,REPUBLIKA,2261,5.13,1880,83.14
1,Bratislavský kraj,103,Pezinok,1,Pirátska strana - Slovensko,122,0.29,74,60.65
1,Bratislavský kraj,103,Pezinok,2,PRINCÍP,14,0.03,8,57.14
1,Bratislavský kraj,103,Pezinok,3,Progresívne Slovensko,10763,26.12,7766,72.15
1,Bratislavský kraj,103,Pezinok,4,SPOLOČNE OBČANIA SLOVENSKA,39,0.09,20,51.28
1,Bratislavský kraj,103,Pezinok,5,OĽANO A PRIATELIA,2876,6.98,2401,83.48
1,Bratislavský kraj,103,Pezinok,6,Komunistická strana Slovenska,188,0.45,127,67.55
1,Bratislavský kraj,103,Pezinok,7,Maďarské fórum,17,0.04,14,82.35
1,Bratislavský kraj,103,Pezinok,8,Vlastenecký blok,32,0.07,23,71.87
1,Bratislavský kraj,103,Pezinok,9,"Modrí, Most - Híd",67,0.16,41,61.19
1,Bratislavský kraj,103,Pezinok,10,SPRAVODLIVOSŤ,37,0.08,22,59.45
1,Bratislavský kraj,103,Pezinok,11,Slovenské Hnutie Obrody,21,0.05,9,42.85
1,Bratislavský kraj,103,Pezinok,12,Sloboda a Solidarita,3943,9.57,3140,79.63
1,Bratislavský kraj,103,Pezinok,13,SME RODINA,821,1.99,642,78.19
1,Bratislavský kraj,103,Pezinok,14,MySlovensko,45,0.1,27,60.0
1,Bratislavský kraj,103,Pezinok,15,Slovenská národná strana,2283,5.54,1985,86.94
1,Bratislavský kraj,103,Pezinok,16,SMER - sociálna demokracia,8797,21.35,7227,82.15
1,Bratislavský kraj,103,Pezinok,17,HLAS - sociálna demokracia,5097,12.37,4043,79.32
1,Bratislavský kraj,103,Pezinok,18,SZÖVETSÉG - Magyarok,21,0.05,16,76.19
1,Bratislavský kraj,103,Pezinok,19,SRDCE vlastenci a dôchodcovia,45,0.1,23,51.11
1,Bratislavský kraj,103,Pezinok,20,SDKU - DS,9,0.02,5,55.55
1,Bratislavský kraj,103,Pezinok,21,Kotlebovci - Ľudová strana Naše Slovensko,288,0.69,245,85.06
1,Bratislavský kraj,103,Pezinok,22,Demokrati,1760,4.27,1483,84.26
1,Bratislavský kraj,103,Pezinok,23,Kresťanskodemokratické hnutie,2198,5.33,1546,70.33
1,Bratislavský kraj,103,Pezinok,24,KARMA,55,0.13,33,60.0
1,Bratislavský kraj,103,Pezinok,25,REPUBLIKA,1656,4.02,1379,83.27
1,Bratislavský kraj,104,Senec,1,Pirátska strana - Slovensko,145,0.24,101,69.65
1,Bratislavský kraj,104,Senec,2,PRINCÍP,20,0.03,15,75.0
1,Bratislavský kraj,104,Senec,3,Progresívne Slovensko,16177,27.57,12104,74.82
1,Bratislavský kraj,104,Senec,4,SPOLOČNE OBČANIA SLOVENSKA,32,0.05,17,53.12
1,Bratislavský kraj,104,Senec,5,OĽANO A PRIATELIA,4530,7.72,3859,85.18
1,Bratislavský kraj,104,Senec,6,Komunistická strana Slovenska,113,0.19,68,60.17
1,Bratislavský kraj,104,Senec,7,Maďarské fórum,100,0.17,88,88.0
1,Bratislavský kraj,104,Senec,8,Vlastenecký blok,21,0.03,15,71.42
1,Bratislavský kraj,104,Senec,9,"Modrí, Most - Híd",198,0.33,156,78.78
1,Bratislavský kraj,104,Senec,10,SPRAVODLIVOSŤ,16,0.02,12,75.0
1,Bratislavský kraj,104,Senec,11,Slovenské Hnutie Obrody,35,0.05,27,77.14
1,Bratislavský kraj,104,Senec,12,Sloboda a Solidarita,6836,11.65,5696,83.32
1,Bratislavský kraj,104,Senec,13,SME RODINA,1321,2.25,1091,82.58
1,Bratislavský kraj,104,Senec,14,MySlovensko,58,0.09,46,79.31
1,Bratislavský kraj,104,Senec,15,Slovenská národná strana,2420,4.12,2134,88.18
1,Bratislavský kraj,104,Senec,16,SMER - sociálna demokracia,10231,17.44,8492,83.0
1,Bratislavský kraj,104,Senec,17,HLAS - sociálna demokracia,6285,10.71,5168,82.22
1,Bratislavský kraj,104,Senec,18,SZÖVETSÉG - Magyarok,2323,3.96,1938,83.42
1,Bratislavský kraj,104,Senec,19,SRDCE vlastenci a dôchodcovia,29,0.04,22,75.86
1,Bratislavský kraj,104,Senec,20,SDKU - DS,9,0.01,4,44.44
1,Bratislavský kraj,104,Senec,21,Kotlebovci - Ľudová strana Naše Slovensko,296,0.5,264,89.18
1,Bratislavský kraj,104,Senec,22,Demokrati,2569,4.37,2234,86.95
1,Bratislavský kraj,104,Senec,23,Kresťanskodemokratické hnutie,2887,4.92,2215,76.72
1,Bratislavský kraj,104,Senec,24,KARMA,36,0.06,26,72.22
1,Bratislavský kraj,104,Senec,25,REPUBLIKA,1968,3.35,1706,86.68
2,Trnavský kraj,201,Dunajská Streda,1,Pirátska strana - Slovensko,178,0.28,145,81.46
2,Trnavský kraj,201,Dunajská Streda,2,PRINCÍP,16,0.02,11,68.75
2,Trnavský kraj,201,Dunajská Streda,3,Progresívne Slovensko,8261,13.24,6244,75.58
2,Trnavský kraj,201,Dunajská Streda,4,SPOLOČNE OBČANIA SLOVENSKA,33,0.05,19,57.57
2,Trnavský kraj,201,Dunajská Streda,5,OĽANO A PRIATELIA,4756,7.62,4010,84.31
2,Trnavský kraj,201,Dunajská Streda,6,Komunistická strana Slovenska,65,0.1,47,72.3
2,Trnavský kraj,201,Dunajská Streda,7,Maďarské fórum,557,0.89,473,84.91
2,Trnavský kraj,201,Dunajská Streda,8,Vlastenecký blok,25,0.04,19,76.0
2,Trnavský kraj,201,Dunajská Streda,9,"Modrí, Most - Híd",1119,1.79,947,84.62
2,Trnavský kraj,201,Dunajská Streda,10,SPRAVODLIVOSŤ,13,0.02,8,61.53
2,Trnavský kraj,201,Dunajská Streda,11,Slovenské Hnutie Obrody,7,0.01,5,71.42
2,Trnavský kraj,201,Dunajská Streda,12,Sloboda a Solidarita,2041,3.27,1713,83.92
2,Trnavský kraj,201,Dunajská Streda,13,SME RODINA,874,1.4,738,84.43
2,Trnavský kraj,201,Dunajská Streda,14,MySlovensko,15,0.02,10,66.66
2,Trnavský kraj,201,Dunajská Streda,15,Slovenská národná strana,846,1.35,773,91.37
2,Trnavský kraj,201,Dunajská Streda,16,SMER - sociálna demokracia,8282,13.27,7057,85.2
2,Trnavský kraj,201,Dunajská Streda,17,HLAS - sociálna demokracia,3689,5.91,3096,83.92
2,Trnavský kraj,201,Dunajská Streda,18,SZÖVETSÉG - Magyarok,28921,46.37,24980,86.37
2,Trnavský kraj,201,Dunajská Streda,19,SRDCE vlastenci a dôchodcovia,24,0.03,15,62.5
2,Trnavský kraj,201,Dunajská Streda,20,SDKU - DS,10,0.01,7,70.0
2,Trnavský kraj,201,Dunajská Streda,21,Kotlebovci - Ľudová strana Naše Slovensko,170,0.27,147,86.47
2,Trnavský kraj,201,Dunajská Streda,22,Demokrati,743,1.19,620,83.44
2,Trnavský kraj,201,Dunajská Streda,23,Kresťanskodemokratické hnutie,674,1.08,520,77.15
2,Trnavský kraj,201,Dunajská Streda,24,KARMA,17,0.02,11,64.7
2,Trnavský kraj,201,Dunajská Streda,25,REPUBLIKA,1029,1.64,890,86.49
2,Trnavský kraj,202,Galanta,1,Pirátska strana - Slovensko,162,0.31,109,67.28
2,Trnavský kraj,202,Galanta,2,PRINCÍP,26,0.05,23,88.46
2,Trnavský kraj,202,Galanta,3,Progresívne Slovensko,7126,14.04,5089,71.41
2,Trnavský kraj,202,Galanta,4,SPOLOČNE OBČANIA SLOVENSKA,56,0.11,32,57.14
2,Trnavský kraj,202,Galanta,5,OĽANO A PRIATELIA,5225,10.29,4510,86.31
2,Trnavský kraj,202,Galanta,6,Komunistická strana Slovenska,215,0.42,153,71.16
2,Trnavský kraj,202,Galanta,7,Maďarské fórum,152,0.29,129,84.86
2,Trnavský kraj,202,Galanta,8,Vlastenecký blok,12,0.02,8,66.66
2,Trnavský kraj,202,Galanta,9,"Modrí, Most - Híd",291,0.57,232,79.72
2,Trnavský kraj,202,Galanta,10,SPRAVODLIVOSŤ,23,0.04,14,60.86
2,Trnavský kraj,202,Galanta,11,Slovenské Hnutie Obrody,18,0.03,15,83.33
2,Trnavský kraj,202,Galanta,12,Sloboda a Solidarita,2439,4.8,2009,82.36
2,Trnavský kraj,202,Galanta,13,SME RODINA,1165,2.29,967,83.0
2,Trnavský kraj,202,Galanta,14,MySlovensko,51,0.1,36,70.58
2,Trnavský kraj,202,Galanta,15,Slovenská národná strana,1923,3.79,1663,86.47
2,Trnavský kraj,202,Galanta,16,SMER - sociálna demokracia,10647,20.98,8875,83.35
2,Trnavský kraj,202,Galanta,17,HLAS - sociálna demokracia,5823,11.47,4820,82.77
2,Trnavský kraj,202,Galanta,18,SZÖVETSÉG - Magyarok,10331,20.36,9197,89.02
2,Trnavský kraj,202,Galanta,19,SRDCE vlastenci a dôchodcovia,30,0.05,16,53.33
2,Trnavský kraj,202,Galanta,20,SDKU - DS,12,0.02,4,33.33
2,Trnavský kraj,202,Galanta,21,Kotlebovci - Ľudová strana Naše Slovensko,393,0.77,324,82.44
2,Trnavský kraj,202,Galanta,22,Demokrati,1110,2.18,924,83.24
2,Trnavský kraj,202,Galanta,23,Kresťanskodemokratické hnutie,1408,2.77,1007,71.51
2,Trnavský kraj,202,Galanta,24,KARMA,46,0.09,29,63.04
2,Trnavský kraj,202,Galanta,25,REPUBLIKA,2049,4.03,1751,85.45
2,Trnavský kraj,203,Piešťany,1,Pirátska strana - Slovensko,87,0.24,55,63.21
2,Trnavský kraj,203,Piešťany,2,PRINCÍP,9,0.02,5,55.55
2,Trnavský kraj,203,Piešťany,3,Progresívne Slovensko,7417,20.48,5217,70.33
2,Trnavský kraj,203,Piešťany,4,SPOLOČNE OBČANIA SLOVENSKA,41,0.11,23,56.09
2,Trnavský kraj,203,Piešťany,5,OĽANO A PRIATELIA,2661,7.35,2308,86.73
2,Trnavský kraj,203,Piešťany,6,Komunistická strana Slovenska,132,0.36,92,69.69
2,Trnavský kraj,203,Piešťany,7,Maďarské fórum,7,0.01,5,71.42
2,Trnavský kraj,203,Piešťany,8,Vlastenecký blok,22,0.06,20,90.9
2,Trnavský kraj,203,Piešťany,9,"Modrí, Most - Híd",29,0.08,22,75.86
2,Trnavský kraj,203,Piešťany,10,SPRAVODLIVOSŤ,14,0.03,8,57.14
2,Trnavský kraj,203,Piešťany,11,Slovenské Hnutie Obrody,16,0.04,11,68.75
2,Trnavský kraj,203,Piešťany,12,Sloboda a Solidarita,2291,6.32,1785,77.91
2,Trnavský kraj,203,Piešťany,13,SME RODINA,737,2.03,588,79.78
2,Trnavský kraj,203,Piešťany,14,MySlovensko,92,0.25,79,85.86
2,Trnavský kraj,203,Piešťany,15,Slovenská národná strana,2068,5.71,1790,86.55
2,Trnavský kraj,203,Piešťany,16,SMER - sociálna demokracia,9606,26.53,7859,81.81
2,Trnavský kraj,203,Piešťany,17,HLAS - sociálna demokracia,5014,13.85,4002,79.81
2,Trnavský kraj,203,Piešťany,18,SZÖVETSÉG - Magyarok,22,0.06,16,72.72
2,Trnavský kraj,203,Piešťany,19,SRDCE vlastenci a dôchodcovia,22,0.06,14,63.63
2,Trnavský kraj,203,Piešťany,20,SDKU - DS,13,0.03,4,30.76
2,Trnavský kraj,203,Piešťany,21,Kotlebovci - Ľudová strana Naše Slovensko,412,1.13,357,86.65
2,Trnavský kraj,203,Piešťany,22,Demokrati,1351,3.73,1149,85.04
2,Trnavský kraj,203,Piešťany,23,Kresťanskodemokratické hnutie,2196,6.06,1537,69.99
2,Trnavský kraj,203,Piešťany,24,KARMA,98,0.27,79,80.61
2,Trnavský kraj,203,Piešťany,25,REPUBLIKA,1843,5.09,1522,82.58
2,Trnavský kraj,204,Senica,1,Pirátska strana - Slovensko,208,0.36,139,66.82
2,Trnavský kraj,204,Senica,2,PRINCÍP,19,0.03,12,63.15
2,Trnavský kraj,204,Senica,3,Progresívne Slovensko,11106,19.23,7786,70.1
2,Trnavský kraj,204,Senica,4,SPOLOČNE OBČANIA SLOVENSKA,57,0.09,32,56.14
2,Trnavský kraj,204,Senica,5,OĽANO A PRIATELIA,5978,10.35,4958,82.93
2,Trnavský kraj,204,Senica,6,Komunistická strana Slovenska,368,0.63,229,62.22
2,Trnavský kraj,204,Senica,7,Maďarské fórum,23,0.03,20,86.95
2,Trnavský kraj,204,Senica,8,Vlastenecký blok,55,0.09,47,85.45
2,Trnavský kraj,204,Senica,9,"Modrí, Most - Híd",68,0.11,45,66.17
2,Trnavský kraj,204,Senica,10,SPRAVODLIVOSŤ,37,0.06,26,70.27
2,Trnavský kraj,204,Senica,11,Slovenské Hnutie Obrody,18,0.03,13,72.22
2,Trnavský kraj,204,Senica,12,Sloboda a Solidarita,3441,5.95,2697,78.37
2,Trnavský kraj,204,Senica,13,SME RODINA,1875,3.24,1559,83.14
2,Trnavský kraj,204,Senica,14,MySlovensko,57,0.09,38,66.66
2,Trnavský kraj,204,Senica,15,Slovenská národná strana,3199,5.54,2840,88.77
2,Trnavský kraj,204,Senica,16,SMER - sociálna demokracia,13341,23.1,10922,81.86
2,Trnavský kraj,204,Senica,17,HLAS - sociálna demokracia,8253,14.29,6651,80.58
2,Trnavský kraj,204,Senica,18,SZÖVETSÉG - Magyarok,30,0.05,21,70.0
2,Trnavský kraj,204,Senica,19,SRDCE vlastenci a dôchodcovia,41,0.07,24,58.53
2,Trnavský kraj,204,Senica,20,SDKU - DS,23,0.03,10,43.47
2,Trnavský kraj,204,Senica,21,Kotlebovci - Ľudová strana Naše Slovensko,668,1.15,529,79.19
2,Trnavský kraj,204,Senica,22,Demokrati,1893,3.27,1546,81.66
2,Trnavský kraj,204,Senica,23,Kresťanskodemokratické hnutie,3588,6.21,2556,71.23
2,Trnavský kraj,204,Senica,24,KARMA,72,0.12,48,66.66
2,Trnavský kraj,204,Senica,25,REPUBLIKA,3319,5.74,2849,85.83
2,Trnavský kraj,205,Trnava,1,Pirátska strana - Slovensko,239,0.23,135,56.48
2,Trnavský kraj,205,Trnava,2,PRINCÍP,28,0.02,22,78.57
2,Trnavský kraj,205,Trnava,3,Progresívne Slovensko,19009,18.47,13819,72.69
2,Trnavský kraj,205,Trnava,4,SPOLOČNE OBČANIA SLOVENSKA,71,0.06,38,53.52
2,Trnavský kraj,205,Trnava,5,OĽANO A PRIATELIA,10516,10.21,9006,85.64
2,Trnavský kraj,205,Trnava,6,Komunistická strana Slovenska,464,0.45,296,63.79
2,Trnavský kraj,205,Trnava,7,Maďarské fórum,42,0.04,35,83.33
2,Trnavský kraj,205,Trnava,8,Vlastenecký blok,93,0.09,78,83.87
2,Trnavský kraj,205,Trnava,9,"Modrí, Most - Híd",102,0.09,75,73.52
2,Trnavský kraj,205,Trnava,10,SPRAVODLIVOSŤ,35,0.03,27,77.14
2,Trnavský kraj,205,Trnava,11,Slovenské Hnutie Obrody,71,0.06,51,71.83
2,Trnavský kraj,205,Trnava,12,Sloboda a Solidarita,6409,6.22,5157,80.46
2,Trnavský kraj,205,Trnava,13,SME RODINA,2162,2.1,1748,80.85
2,Trnavský kraj,205,Trnava,14,MySlovensko,103,0.1,65,63.1
2,Trnavský kraj,205,Trnava,15,Slovenská národná strana,5719,5.55,4875,85.24
2,Trnavský kraj,205,Trnava,16,SMER - sociálna demokracia,26363,25.61,21809,82.72
2,Trnavský kraj,205,Trnava,17,HLAS - sociálna demokracia,14769,14.35,11897,80.55
2,Trnavský kraj,205,Trnava,18,SZÖVETSÉG - Magyarok,46,0.04,36,78.26
2,Trnavský kraj,205,Trnava,19,SRDCE vlastenci a dôchodcovia,71,0.06,42,59.15
2,Trnavský kraj,205,Trnava,20,SDKU - DS,29,0.02,11,37.93
2,Trnavský kraj,205,Trnava,21,Kotlebovci - Ľudová strana Naše Slovensko,876,0.85,750,85.61
2,Trnavský kraj,205,Trnava,22,Demokrati,3968,3.85,3330,83.92
2,Trnavský kraj,205,Trnava,23,Kresťanskodemokratické hnutie,6289,6.11,4633,73.66
2,Trnavský kraj,205,Trnava,24,KARMA,95,0.09,66,69.47
2,Trnavský kraj,205,Trnava,25,REPUBLIKA,5345,5.19,4556,85.23
3,Trenčiansky kraj,301,Bánovce nad Bebravou,1,Pirátska strana - Slovensko,53,0.25,38,71.69
3,Trenčiansky kraj,301,Bánovce nad Bebravou,2,PRINCÍP,6,0.02,2,33.33
3,Trenčiansky kraj,301,Bánovce nad Bebravou,3,Progresívne Slovensko,2922,13.98,2179,74.57
3,Trenčiansky kraj,301,Bánovce nad Bebravou,4,SPOLOČNE OBČANIA SLOVENSKA,19,0.09,11,57.89
3,Trenčiansky kraj,301,Bánovce nad Bebravou,5,OĽANO A PRIATELIA,1287,6.15,1100,85.47
3,Trenčiansky kraj,301,Bánovce nad Bebravou,6,Komunistická strana Slovenska,111,0.53,66,59.45
3,Trenčiansky kraj,301,Bánovce nad Bebravou,7,Maďarské fórum,12,0.05,8,66.66
3,Trenčiansky kraj,301,Bánovce nad Bebravou,8,Vlastenecký blok,34,0.16,31,91.17
3,Trenčiansky kraj,301,Bánovce nad Bebravou,9,"Modrí, Most - Híd",17,0.08,12,70.58
3,Trenčiansky kraj,301,Bánovce nad Bebravou,10,SPRAVODLIVOSŤ,12,0.05,6,50.0
3,Trenčiansky kraj,301,Bánovce nad Bebravou,11,Slovenské Hnutie Obrody,14,0.06,12,85.71
3,Trenčiansky kraj,301,Bánovce nad Bebravou,12,Sloboda a Solidarita,988,4.72,795,80.46
3,Trenčiansky kraj,301,Bánovce nad Bebravou,13,SME RODINA,448,2.14,375,83.7
3,Trenčiansky kraj,301,Bánovce nad Bebravou,14,MySlovensko,19,0.09,11,57.89
3,Trenčiansky kraj,301,Bánovce nad Bebravou,15,Slovenská národná strana,1442,6.89,1239,85.92
3,Trenčiansky kraj,301,Bánovce nad Bebravou,16,SMER - sociálna demokracia,6739,32.24,5631,83.55
3,Trenčiansky kraj,301,Bánovce nad Bebravou,17,HLAS - sociálna demokracia,3754,17.96,3086,82.2
3,Trenčiansky kraj,301,Bánovce nad Bebravou,18,SZÖVETSÉG - Magyarok,5,0.02,3,60.0
3,Trenčiansky kraj,301,Bánovce nad Bebravou,19,SRDCE vlastenci a dôchodcovia,17,0.08,9,52.94
3,Trenčiansky kraj,301,Bánovce nad Bebravou,20,SDKU - DS,6,0.02,3,50.0
3,Trenčiansky kraj,301,Bánovce nad Bebravou,21,Kotlebovci - Ľudová strana Naše Slovensko,228,1.09,178,78.07
3,Trenčiansky kraj,301,Bánovce nad Bebravou,22,Demokrati,418,1.99,341,81.57
3,Trenčiansky kraj,301,Bánovce nad Bebravou,23,Kresťanskodemokratické hnutie,1197,5.72,800,66.83
3,Trenčiansky kraj,301,Bánovce nad Bebravou,24,KARMA,16,0.07,7,43.75
3,Trenčiansky kraj,301,Bánovce nad Bebravou,25,REPUBLIKA,1137,5.43,993,87.33
3,Trenčiansky kraj,302,Nové Mesto nad Váhom,1,Pirátska strana - Slovensko,176,0.34,111,63.06
3,Trenčiansky kraj,302,Nové Mesto nad Váhom,2,PRINCÍP,24,0.04,17,70.83
3,Trenčiansky kraj,302,Nové Mesto nad Váhom,3,Progresívne Slovensko,9532,18.87,6902,72.4
3,Trenčiansky kraj,302,Nové Mesto nad Váhom,4,SPOLOČNE OBČANIA SLOVENSKA,38,0.07,20,52.63
3,Trenčiansky kraj,302,Nové Mesto nad Váhom,5,OĽANO A PRIATELIA,3548,7.02,3001,84.58
3,Trenčiansky kraj,302,Nové Mesto nad Váhom,6,Komunistická strana Slovenska,272,0.53,172,63.23
3,Trenčiansky kraj,302,Nové Mesto nad Váhom,7,Maďarské fórum,22,0.04,14,63.63
3,Trenčiansky kraj,302,Nové Mesto nad Váhom,8,Vlastenecký blok,40,0.07,35,87.5
3,Trenčiansky kraj,302,Nové Mesto nad Váhom,9,"Modrí, Most - Híd",55,0.1,40,72.72
3,Trenčiansky kraj,302,Nové Mesto nad Váhom,10,SPRAVODLIVOSŤ,46,0.09,23,50.0
3,Trenčiansky kraj,302,Nové Mesto nad Váhom,11,Slovenské Hnutie Obrody,28,0.05,19,67.85
3,Trenčiansky kraj,302,Nové Mesto nad Váhom,12,Sloboda a Solidarita,3296,6.52,2652,80.46
3,Trenčiansky kraj,302,Nové Mesto nad Váhom,13,SME RODINA,1414,2.8,1164,82.31
3,Trenčiansky kraj,302,Nové Mesto nad Váhom,14,MySlovensko,66,0.13,44,66.66
3,Trenčiansky kraj,302,Nové Mesto nad Váhom,15,Slovenská národná strana,2981,5.9,2540,85.2
3,Trenčiansky kraj,302,Nové Mesto nad Váhom,16,SMER - sociálna demokracia,13244,26.22,10925,82.49
3,Trenčiansky kraj,302,Nové Mesto nad Váhom,17,HLAS - sociálna demokracia,8717,17.26,7110,81.56
3,Trenčiansky kraj,302,Nové Mesto nad Váhom,18,SZÖVETSÉG - Magyarok,16,0.03,8,50.0
3,Trenčiansky kraj,302,Nové Mesto nad Váhom,19,SRDCE vlastenci a dôchodcovia,47,0.09,17,36.17
3,Trenčiansky kraj,302,Nové Mesto nad Váhom,20,SDKU - DS,15,0.02,10,66.66
3,Trenčiansky kraj,302,Nové Mesto nad Váhom,21,Kotlebovci - Ľudová strana Naše Slovensko,600,1.18,505,84.16
3,Trenčiansky kraj,302,Nové Mesto nad Váhom,22,Demokrati,1352,2.67,1151,85.13
3,Trenčiansky kraj,302,Nové Mesto nad Váhom,23,Kresťanskodemokratické hnutie,2034,4.02,1449,71.23
3,Trenčiansky kraj,302,Nové Mesto nad Váhom,24,KARMA,142,0.28,98,69.01
3,Trenčiansky kraj,302,Nové Mesto nad Váhom,25,REPUBLIKA,2788,5.52,2385,85.54
3,Trenčiansky kraj,303,Považská Bystrica,1,Pirátska strana - Slovensko,177,0.28,116,65.53
3,Trenčiansky kraj,303,Považská Bystrica,2,PRINCÍP,18,0.02,15,83.33
3,Trenčiansky kraj,303,Považská Bystrica,3,Progresívne Slovensko,9099,14.58,6856,75.34
3,Trenčiansky kraj,303,Považská Bystrica,4,SPOLOČNE OBČANIA SLOVENSKA,57,0.09,37,64.91
3,Trenčiansky kraj,303,Považská Bystrica,5,OĽANO A PRIATELIA,3158,5.06,2751,87.11
3,Trenčiansky kraj,303,Považská Bystrica,6,Komunistická strana Slovenska,200,0.32,144,72.0
3,Trenčiansky kraj,303,Považská Bystrica,7,Maďarské fórum,9,0.01,6,66.66
3,Trenčiansky kraj,303,Považská Bystrica,8,Vlastenecký blok,12,0.01,10,83.33
3,Trenčiansky kraj,303,Považská Bystrica,9,"Modrí, Most - Híd",75,0.12,58,77.33
3,Trenčiansky kraj,303,Považská Bystrica,10,SPRAVODLIVOSŤ,24,0.03,17,70.83
3,Trenčiansky kraj,303,Považská Bystrica,11,Slovenské Hnutie Obrody,37,0.05,30,81.08
3,Trenčiansky kraj,303,Považská Bystrica,12,Sloboda a Solidarita,3089,4.95,2495,80.77
3,Trenčiansky kraj,303,Považská Bystrica,13,SME RODINA,1263,2.02,1016,80.44
3,Trenčiansky kraj,303,Považská Bystrica,14,MySlovensko,75,0.12,55,73.33
3,Trenčiansky kraj,303,Považská Bystrica,15,Slovenská národná strana,5085,8.15,4405,86.62
3,Trenčiansky kraj,303,Považská Bystrica,16,SMER - sociálna demokracia,20798,33.33,17829,85.72
3,Trenčiansky kraj,303,Považská Bystrica,17,HLAS - sociálna demokracia,9957,15.96,8220,82.55
3,Trenčiansky kraj,303,Považská Bystrica,18,SZÖVETSÉG - Magyarok,16,0.02,12,75.0
3,Trenčiansky kraj,303,Považská Bystrica,19,SRDCE vlastenci a dôchodcovia,44,0.07,20,45.45
3,Trenčiansky kraj,303,Považská Bystrica,20,SDKU - DS,18,0.02,11,61.11
3,Trenčiansky kraj,303,Považská Bystrica,21,Kotlebovci - Ľudová strana Naše Slovensko,608,0.97,535,87.99
3,Trenčiansky kraj,303,Považská Bystrica,22,Demokrati,1574,2.52,1341,85.19
3,Trenčiansky kraj,303,Považská Bystrica,23,Kresťanskodemokratické hnutie,3509,5.62,2438,69.47
3,Trenčiansky kraj,303,Považská Bystrica,24,KARMA,54,0.08,37,68.51
3,Trenčiansky kraj,303,Považská Bystrica,25,REPUBLIKA,3428,5.49,3009,87.77
3,Trenčiansky kraj,304,Prievidza,1,Pirátska strana - Slovensko,303,0.3,215,70.95
3,Trenčiansky kraj,304,Prievidza,2,PRINCÍP,30,0.03,22,73.33
3,Trenčiansky kraj,304,Prievidza,3,Progresívne Slovensko,15263,15.32,11229,73.57
3,Trenčiansky kraj,304,Prievidza,4,SPOLOČNE OBČANIA SLOVENSKA,64,0.06,36,56.25
3,Trenčiansky kraj,304,Prievidza,5,OĽANO A PRIATELIA,5822,5.84,5065,86.99
3,Trenčiansky kraj,304,Prievidza,6,Komunistická strana Slovenska,549,0.55,379,69.03
3,Trenčiansky kraj,304,Prievidza,7,Maďarské fórum,22,0.02,18,81.81
3,Trenčiansky kraj,304,Prievidza,8,Vlastenecký blok,92,0.09,80,86.95
3,Trenčiansky kraj,304,Prievidza,9,"Modrí, Most - Híd",104,0.1,75,72.11
3,Trenčiansky kraj,304,Prievidza,10,SPRAVODLIVOSŤ,47,0.04,26,55.31
3,Trenčiansky kraj,304,Prievidza,11,Slovenské Hnutie Obrody,55,0.05,49,89.09
3,Trenčiansky kraj,304,Prievidza,12,Sloboda a Solidarita,5116,5.13,4232,82.72
3,Trenčiansky kraj,304,Prievidza,13,SME RODINA,2235,2.24,1876,83.93
3,Trenčiansky kraj,304,Prievidza,14,MySlovensko,92,0.09,61,66.3
3,Trenčiansky kraj,304,Prievidza,15,Slovenská národná strana,7534,7.56,6701,88.94
3,Trenčiansky kraj,304,Prievidza,16,SMER - sociálna demokracia,30653,30.78,26393,86.1
3,Trenčiansky kraj,304,Prievidza,17,HLAS - sociálna demokracia,16398,16.46,13657,83.28
3,Trenčiansky kraj,304,Prievidza,18,SZÖVETSÉG - Magyarok,15,0.01,10,66.66
3,Trenčiansky kraj,304,Prievidza,19,SRDCE vlastenci a dôchodcovia,79,0.07,36,45.56
3,Trenčiansky kraj,304,Prievidza,20,SDKU - DS,22,0.02,12,54.54
3,Trenčiansky kraj,304,Prievidza,21,Kotlebovci - Ľudová strana Naše Slovensko,1104,1.1,957,86.68
3,Trenčiansky kraj,304,Prievidza,22,Demokrati,2954,2.96,2560,86.66
3,Trenčiansky kraj,304,Prievidza,23,Kresťanskodemokratické hnutie,4890,4.91,3830,78.32
3,Trenčiansky kraj,304,Prievidza,24,KARMA,97,0.09,68,70.1
3,Trenčiansky kraj,304,Prievidza,25,REPUBLIKA,6035,6.06,5317,88.1
3,Trenčiansky kraj,305,Trenčín,1,Pirátska strana - Slovensko,287,0.28,184,64.11
3,Trenčiansky kraj,305,Trenčín,2,PRINCÍP,30,0.02,17,56.66
3,Trenčiansky kraj,305,Trenčín,3,Progresívne Slovensko,18868,18.6,13718,72.7
3,Trenčiansky kraj,305,Trenčín,4,SPOLOČNE OBČANIA SLOVENSKA,82,0.08,50,60.97
3,Trenčiansky kraj,305,Trenčín,5,OĽANO A PRIATELIA,6054,5.96,5204,85.95
3,Trenčiansky kraj,305,Trenčín,6,Komunistická strana Slovenska,411,0.4,246,59.85
3,Trenčiansky kraj,305,Trenčín,7,Maďarské fórum,35,0.03,25,71.42
3,Trenčiansky kraj,305,Trenčín,8,Vlastenecký blok,32,0.03,24,75.0
3,Trenčiansky kraj,305,Trenčín,9,"Modrí, Most - Híd",212,0.2,177,83.49
3,Trenčiansky kraj,305,Trenčín,10,SPRAVODLIVOSŤ,64,0.06,45,70.31
3,Trenčiansky kraj,305,Trenčín,11,Slovenské Hnutie Obrody,47,0.04,35,74.46
3,Trenčiansky kraj,305,Trenčín,12,Sloboda a Solidarita,6389,6.29,5211,81.56
3,Trenčiansky kraj,305,Trenčín,13,SME RODINA,2100,2.07,1706,81.23
3,Trenčiansky kraj,305,Trenčín,14,MySlovensko,137,0.13,95,69.34
3,Trenčiansky kraj,305,Trenčín,15,Slovenská národná strana,7335,7.23,6326,86.24
3,Trenčiansky kraj,305,Trenčín,16,SMER - sociálna demokracia,27230,26.84,22578,82.91
3,Trenčiansky kraj,305,Trenčín,17,HLAS - sociálna demokracia,16102,15.87,13112,81.43
3,Trenčiansky kraj,305,Trenčín,18,SZÖVETSÉG - Magyarok,52,0.05,43,82.69
3,Trenčiansky kraj,305,Trenčín,19,SRDCE vlastenci a dôchodcovia,68,0.06,32,47.05
3,Trenčiansky kraj,305,Trenčín,20,SDKU - DS,27,0.02,12,44.44
3,Trenčiansky kraj,305,Trenčín,21,Kotlebovci - Ľudová strana Naše Slovensko,1021,1.0,879,86.09
3,Trenčiansky kraj,305,Trenčín,22,Demokrati,3211,3.16,2699,84.05
3,Trenčiansky kraj,305,Trenčín,23,Kresťanskodemokratické hnutie,6608,6.51,4941,74.77
3,Trenčiansky kraj,305,Trenčín,24,KARMA,140,0.13,91,65.0
3,Trenčiansky kraj,305,Trenčín,25,REPUBLIKA,4883,4.81,4165,85.29
4,Nitriansky kraj,401,Komárno,1,Pirátska strana - Slovensko,153,0.33,127,83.0
4,Nitriansky kraj,401,Komárno,2,PRINCÍP,19,0.04,16,84.21
4,Nitriansky kraj,401,Komárno,3,Progresívne Slovensko,4793,10.5,3459,72.16
4,Nitriansky kraj,401,Komárno,4,SPOLOČNE OBČANIA SLOVENSKA,31,0.06,17,54.83
4,Nitriansky kraj,401,Komárno,5,OĽANO A PRIATELIA,3421,7.49,2994,87.51
4,Nitriansky kraj,401,Komárno,6,Komunistická strana Slovenska,83,0.18,58,69.87
4,Nitriansky kraj,401,Komárno,7,Maďarské fórum,252,0.55,204,80.95
4,Nitriansky kraj,401,Komárno,8,Vlastenecký blok,15,0.03,9,60.0
4,Nitriansky kraj,401,Komárno,9,"Modrí, Most - Híd",254,0.55,199,78.34
4,Nitriansky kraj,401,Komárno,10,SPRAVODLIVOSŤ,19,0.04,15,78.94
4,Nitriansky kraj,401,Komárno,11,Slovenské Hnutie Obrody,9,0.01,8,88.88
4,Nitriansky kraj,401,Komárno,12,Sloboda a Solidarita,1057,2.31,851,80.51
4,Nitriansky kraj,401,Komárno,13,SME RODINA,500,1.09,420,84.0
4,Nitriansky kraj,401,Komárno,14,MySlovensko,25,0.05,23,92.0
4,Nitriansky kraj,401,Komárno,15,Slovenská národná strana,739,1.62,652,88.22
4,Nitriansky kraj,401,Komárno,16,SMER - sociálna demokracia,6441,14.12,5531,85.87
4,Nitriansky kraj,401,Komárno,17,HLAS - sociálna demokracia,3457,7.57,2940,85.04
4,Nitriansky kraj,401,Komárno,18,SZÖVETSÉG - Magyarok,22255,48.78,19153,86.06
4,Nitriansky kraj,401,Komárno,19,SRDCE vlastenci a dôchodcovia,30,0.06,21,70.0
4,Nitriansky kraj,401,Komárno,20,SDKU - DS,2,0.0,0,0.0
4,Nitriansky kraj,401,Komárno,21,Kotlebovci - Ľudová strana Naše Slovensko,169,0.37,149,88.16
4,Nitriansky kraj,401,Komárno,22,Demokrati,436,0.95,375,86.0
4,Nitriansky kraj,401,Komárno,23,Kresťanskodemokratické hnutie,412,0.9,321,77.91
4,Nitriansky kraj,401,Komárno,24,KARMA,26,0.05,15,57.69
4,Nitriansky kraj,401,Komárno,25,REPUBLIKA,1016,2.22,896,88.18
4,Nitriansky kraj,402,Levice,1,Pirátska strana - Slovensko,197,0.35,143,72.58
4,Nitriansky kraj,402,Levice,2,PRINCÍP,31,0.05,23,74.19
4,Nitriansky kraj,402,Levice,3,Progresívne Slovensko,8349,14.87,5981,71.63
4,Nitriansky kraj,402,Levice,4,SPOLOČNE OBČANIA SLOVENSKA,34,0.06,24,70.58
4,Nitriansky kraj,402,Levice,5,OĽANO A PRIATELIA,5189,9.24,4458,85.91
4,Nitriansky kraj,402,Levice,6,Komunistická strana Slovenska,212,0.37,140,66.03
4,Nitriansky kraj,402,Levice,7,Maďarské fórum,151,0.26,120,79.47
4,Nitriansky kraj,402,Levice,8,Vlastenecký blok,11,0.01,9,81.81
4,Nitriansky kraj,402,Levice,9,"Modrí, Most - Híd",244,0.43,188,77.04
4,Nitriansky kraj,402,Levice,10,SPRAVODLIVOSŤ,28,0.04,18,64.28
4,Nitriansky kraj,402,Levice,11,Slovenské Hnutie Obrody,52,0.09,38,73.07
4,Nitriansky kraj,402,Levice,12,Sloboda a Solidarita,2561,4.56,2006,78.32
4,Nitriansky kraj,402,Levice,13,SME RODINA,1401,2.49,1167,83.29
4,Nitriansky kraj,402,Levice,14,MySlovensko,41,0.07,26,63.41
4,Nitriansky kraj,402,Levice,15,Slovenská národná strana,2210,3.93,1909,86.38
4,Nitriansky kraj,402,Levice,16,SMER - sociálna demokracia,12424,22.13,10309,82.97
4,Nitriansky kraj,402,Levice,17,HLAS - sociálna demokracia,8360,14.89,7012,83.87
4,Nitriansky kraj,402,Levice,18,SZÖVETSÉG - Magyarok,7566,13.48,6587,87.06
4,Nitriansky kraj,402,Levice,19,SRDCE vlastenci a dôchodcovia,67,0.11,43,64.17
4,Nitriansky kraj,402,Levice,20,SDKU - DS,17,0.03,11,64.7
4,Nitriansky kraj,402,Levice,21,Kotlebovci - Ľudová strana Naše Slovensko,685,1.22,582,84.96
4,Nitriansky kraj,402,Levice,22,Demokrati,1307,2.32,1101,84.23
4,Nitriansky kraj,402,Levice,23,Kresťanskodemokratické hnutie,2266,4.03,1740,76.78
4,Nitriansky kraj,402,Levice,24,KARMA,42,0.07,25,59.52
4,Nitriansky kraj,402,Levice,25,REPUBLIKA,2678,4.77,2284,85.28
4,Nitriansky kraj,403,Nitra,1,Pirátska strana - Slovensko,303,0.25,191,63.03
4,Nitriansky kraj,403,Nitra,2,PRINCÍP,31,0.02,22,70.96
4,Nitriansky kraj,403,Nitra,3,Progresívne Slovensko,20051,16.82,14784,73.73
4,Nitriansky kraj,403,Nitra,4,SPOLOČNE OBČANIA SLOVENSKA,63,0.05,25,39.68
4,Nitriansky kraj,403,Nitra,5,OĽANO A PRIATELIA,7897,6.62,6895,87.31
4,Nitriansky kraj,403,Nitra,6,Komunistická strana Slovenska,300,0.25,189,63.0
4,Nitriansky kraj,403,Nitra,7,Maďarské fórum,68,0.05,53,77.94
4,Nitriansky kraj,403,Nitra,8,Vlastenecký blok,32,0.02,23,71.87
4,Nitriansky kraj,403,Nitra,9,"Modrí, Most - Híd",226,0.18,168,74.33
4,Nitriansky kraj,403,Nitra,10,SPRAVODLIVOSŤ,53,0.04,37,69.81
4,Nitriansky kraj,403,Nitra,11,Slovenské Hnutie Obrody,71,0.05,52,73.23
4,Nitriansky kraj,403,Nitra,12,Sloboda a Solidarita,7461,6.26,6153,82.46
4,Nitriansky kraj,403,Nitra,13,SME RODINA,2529,2.12,2139,84.57
4,Nitriansky kraj,403,Nitra,14,MySlovensko,137,0.11,105,76.64
4,Nitriansky kraj,403,Nitra,15,Slovenská národná strana,7004,5.87,6167,88.04
4,Nitriansky kraj,403,Nitra,16,SMER - sociálna demokracia,33918,28.46,28845,85.04
4,Nitriansky kraj,403,Nitra,17,HLAS - sociálna demokracia,19861,16.66,16513,83.14
4,Nitriansky kraj,403,Nitra,18,SZÖVETSÉG - Magyarok,1779,1.49,1472,82.74
4,Nitriansky kraj,403,Nitra,19,SRDCE vlastenci a dôchodcovia,105,0.08,73,69.52
4,Nitriansky kraj,403,Nitra,20,SDKU - DS,23,0.01,11,47.82
4,Nitriansky kraj,403,Nitra,21,Kotlebovci - Ľudová strana Naše Slovensko,1020,0.85,880,86.27
4,Nitriansky kraj,403,Nitra,22,Demokrati,3416,2.86,2915,85.33
4,Nitriansky kraj,403,Nitra,23,Kresťanskodemokratické hnutie,6598,5.53,4862,73.68
4,Nitriansky kraj,403,Nitra,24,KARMA,87,0.07,38,43.67
4,Nitriansky kraj,403,Nitra,25,REPUBLIKA,6110,5.12,5333,87.28
4,Nitriansky kraj,404,Nové Zámky,1,Pirátska strana - Slovensko,201,0.28,162,80.59
4,Nitriansky kraj,404,Nové Zámky,2,PRINCÍP,29,0.04,26,89.65
4,Nitriansky kraj,404,Nové Zámky,3,Progresívne Slovensko,9608,13.52,6952,72.35
4,Nitriansky kraj,404,Nové Zámky,4,SPOLOČNE OBČANIA SLOVENSKA,53,0.07,31,58.49
4,Nitriansky kraj,404,Nové Zámky,5,OĽANO A PRIATELIA,5686,8.0,4954,87.12
4,Nitriansky kraj,404,Nové Zámky,6,Komunistická strana Slovenska,160,0.22,106,66.25
4,Nitriansky kraj,404,Nové Zámky,7,Maďarské fórum,193,0.27,149,77.2
4,Nitriansky kraj,404,Nové Zámky,8,Vlastenecký blok,13,0.01,9,69.23
4,Nitriansky kraj,404,Nové Zámky,9,"Modrí, Most - Híd",409,0.57,311,76.03
4,Nitriansky kraj,404,Nové Zámky,10,SPRAVODLIVOSŤ,22,0.03,13,59.09
4,Nitriansky kraj,404,Nové Zámky,11,Slovenské Hnutie Obrody,27,0.03,17,62.96
4,Nitriansky kraj,404,Nové Zámky,12,Sloboda a Solidarita,2824,3.97,2235,79.14
4,Nitriansky kraj,404,Nové Zámky,13,SME RODINA,1378,1.94,1174,85.19
4,Nitriansky kraj,404,Nové Zámky,14,MySlovensko,46,0.06,28,60.86
4,Nitriansky kraj,404,Nové Zámky,15,Slovenská národná strana,2636,3.71,2336,88.61
4,Nitriansky kraj,404,Nové Zámky,16,SMER - sociálna demokracia,16515,23.25,13993,84.72
4,Nitriansky kraj,404,Nové Zámky,17,HLAS - sociálna demokracia,10432,14.68,8903,85.34
4,Nitriansky kraj,404,Nové Zámky,18,SZÖVETSÉG - Magyarok,13647,19.21,11321,82.95
4,Nitriansky kraj,404,Nové Zámky,19,SRDCE vlastenci a dôchodcovia,59,0.08,32,54.23
4,Nitriansky kraj,404,Nové Zámky,20,SDKU - DS,15,0.02,9,60.0
4,Nitriansky kraj,404,Nové Zámky,21,Kotlebovci - Ľudová strana Naše Slovensko,482,0.67,419,86.92
4,Nitriansky kraj,404,Nové Zámky,22,Demokrati,1171,1.64,997,85.14
4,Nitriansky kraj,404,Nové Zámky,23,Kresťanskodemokratické hnutie,2268,3.19,1734,76.45
4,Nitriansky kraj,404,Nové Zámky,24,KARMA,36,0.05,24,66.66
4,Nitriansky kraj,404,Nové Zámky,25,REPUBLIKA,3110,4.37,2747,88.32
4,Nitriansky kraj,405,Šaľa,1,Pirátska strana - Slovensko,94,0.36,65,69.14
4,Nitriansky kraj,405,Šaľa,2,PRINCÍP,8,0.03,8,100.0
4,Nitriansky kraj,405,Šaľa,3,Progresívne Slovensko,4238,16.41,3058,72.15
4,Nitriansky kraj,405,Šaľa,4,SPOLOČNE OBČANIA SLOVENSKA,26,0.1,17,65.38
4,Nitriansky kraj,405,Šaľa,5,OĽANO A PRIATELIA,2405,9.31,2025,84.19
4,Nitriansky kraj,405,Šaľa,6,Komunistická strana Slovenska,95,0.36,70,73.68
4,Nitriansky kraj,405,Šaľa,7,Maďarské fórum,76,0.29,59,77.63
4,Nitriansky kraj,405,Šaľa,8,Vlastenecký blok,4,0.01,4,100.0
4,Nitriansky kraj,405,Šaľa,9,"Modrí, Most - Híd",92,0.35,70,76.08
4,Nitriansky kraj,405,Šaľa,10,SPRAVODLIVOSŤ,10,0.03,5,50.0
4,Nitriansky kraj,405,Šaľa,11,Slovenské Hnutie Obrody,8,0.03,6,75.0
4,Nitriansky kraj,405,Šaľa,12,Sloboda a Solidarita,1511,5.85,1267,83.85
4,Nitriansky kraj,405,Šaľa,13,SME RODINA,559,2.16,459,82.11
4,Nitriansky kraj,405,Šaľa,14,MySlovensko,22,0.08,15,68.18
4,Nitriansky kraj,405,Šaľa,15,Slovenská národná strana,783,3.03,663,84.67
4,Nitriansky kraj,405,Šaľa,16,SMER - sociálna demokracia,5470,21.18,4663,85.24
4,Nitriansky kraj,405,Šaľa,17,HLAS - sociálna demokracia,3177,12.3,2600,81.83
4,Nitriansky kraj,405,Šaľa,18,SZÖVETSÉG - Magyarok,4722,18.28,4081,86.42
4,Nitriansky kraj,405,Šaľa,19,SRDCE vlastenci a dôchodcovia,12,0.04,8,66.66
4,Nitriansky kraj,405,Šaľa,20,SDKU - DS,4,0.01,2,50.0
4,Nitriansky kraj,405,Šaľa,21,Kotlebovci - Ľudová strana Naše Slovensko,148,0.57,129,87.16
4,Nitriansky kraj,405,Šaľa,22,Demokrati,581,2.24,504,86.74
4,Nitriansky kraj,405,Šaľa,23,Kresťanskodemokratické hnutie,674,2.6,475,70.47
4,Nitriansky kraj,405,Šaľa,24,KARMA,24,0.09,14,58.33
4,Nitriansky kraj,405,Šaľa,25,REPUBLIKA,1081,4.18,915,84.64
4,Nitriansky kraj,406,Topoľčany,1,Pirátska strana - Slovensko,112,0.26,85,75.89
4,Nitriansky kraj,406,Topoľčany,2,PRINCÍP,12,0.02,11,91.66
4,Nitriansky kraj,406,Topoľčany,3,Progresívne Slovensko,4774,11.5,3601,75.42
4,Nitriansky kraj,406,Topoľčany,4,SPOLOČNE OBČANIA SLOVENSKA,24,0.05,14,58.33
4,Nitriansky kraj,406,Topoľčany,5,OĽANO A PRIATELIA,2252,5.42,1992,88.45
4,Nitriansky kraj,406,Topoľčany,6,Komunistická strana Slovenska,118,0.28,75,63.55
4,Nitriansky kraj,406,Topoľčany,7,Maďarské fórum,13,0.03,11,84.61
4,Nitriansky kraj,406,Topoľčany,8,Vlastenecký blok,34,0.08,30,88.23
4,Nitriansky kraj,406,Topoľčany,9,"Modrí, Most - Híd",28,0.06,21,75.0
4,Nitriansky kraj,406,Topoľčany,10,SPRAVODLIVOSŤ,11,0.02,8,72.72
4,Nitriansky kraj,406,Topoľčany,11,Slovenské Hnutie Obrody,18,0.04,14,77.77
4,Nitriansky kraj,406,Topoľčany,12,Sloboda a Solidarita,1847,4.45,1526,82.62
4,Nitriansky kraj,406,Topoľčany,13,SME RODINA,857,2.06,751,87.63
4,Nitriansky kraj,406,Topoľčany,14,MySlovensko,37,0.08,28,75.67
4,Nitriansky kraj,406,Topoľčany,15,Slovenská národná strana,2863,6.9,2559,89.38
4,Nitriansky kraj,406,Topoľčany,16,SMER - sociálna demokracia,16152,38.92,14165,87.69
4,Nitriansky kraj,406,Topoľčany,17,HLAS - sociálna demokracia,6466,15.58,5491,84.92
4,Nitriansky kraj,406,Topoľčany,18,SZÖVETSÉG - Magyarok,18,0.04,11,61.11
4,Nitriansky kraj,406,Topoľčany,19,SRDCE vlastenci a dôchodcovia,23,0.05,11,47.82
4,Nitriansky kraj,406,Topoľčany,20,SDKU - DS,6,0.01,1,16.66
4,Nitriansky kraj,406,Topoľčany,21,Kotlebovci - Ľudová strana Naše Slovensko,390,0.93,337,86.41
4,Nitriansky kraj,406,Topoľčany,22,Demokrati,958,2.3,826,86.22
4,Nitriansky kraj,406,Topoľčany,23,Kresťanskodemokratické hnutie,2389,5.75,1862,77.94
4,Nitriansky kraj,406,Topoľčany,24,KARMA,43,0.1,31,72.09
4,Nitriansky kraj,406,Topoľčany,25,REPUBLIKA,2047,4.93,1841,89.93
5,Žilinský kraj,501,Čadca,1,Pirátska strana - Slovensko,89,0.17,55,61.79
5,Žilinský kraj,501,Čadca,2,PRINCÍP,13,0.02,10,76.92
5,Žilinský kraj,501,Čadca,3,Progresívne Slovensko,5081,10.25,3987,78.46
5,Žilinský kraj,501,Čadca,4,SPOLOČNE OBČANIA SLOVENSKA,53,0.1,41,77.35
5,Žilinský kraj,501,Čadca,5,OĽANO A PRIATELIA,2553,5.15,2256,88.36
5,Žilinský kraj,501,Čadca,6,Komunistická strana Slovenska,128,0.25,91,71.09
5,Žilinský kraj,501,Čadca,7,Maďarské fórum,5,0.01,5,100.0
5,Žilinský kraj,501,Čadca,8,Vlastenecký blok,9,0.01,5,55.55
5,Žilinský kraj,501,Čadca,9,"Modrí, Most - Híd",16,0.03,12,75.0
5,Žilinský kraj,501,Čadca,10,SPRAVODLIVOSŤ,16,0.03,9,56.25
5,Žilinský kraj,501,Čadca,11,Slovenské Hnutie Obrody,13,0.02,13,100.0
5,Žilinský kraj,501,Čadca,12,Sloboda a Solidarita,1712,3.45,1445,84.4
5,Žilinský kraj,501,Čadca,13,SME RODINA,672,1.35,558,83.03
5,Žilinský kraj,501,Čadca,14,MySlovensko,22,0.04,15,68.18
5,Žilinský kraj,501,Čadca,15,Slovenská národná strana,3696,7.45,3291,89.04
5,Žilinský kraj,501,Čadca,16,SMER - sociálna demokracia,18937,38.21,17067,90.12
5,Žilinský kraj,501,Čadca,17,HLAS - sociálna demokracia,9668,19.5,8815,91.17
5,Žilinský kraj,501,Čadca,18,SZÖVETSÉG - Magyarok,5,0.01,5,100.0
5,Žilinský kraj,501,Čadca,19,SRDCE vlastenci a dôchodcovia,25,0.05,16,64.0
5,Žilinský kraj,501,Čadca,20,SDKU - DS,15,0.03,9,60.0
5,Žilinský kraj,501,Čadca,21,Kotlebovci - Ľudová strana Naše Slovensko,434,0.87,392,90.32
5,Žilinský kraj,501,Čadca,22,Demokrati,771,1.55,671,87.02
5,Žilinský kraj,501,Čadca,23,Kresťanskodemokratické hnutie,2607,5.26,2013,77.21
5,Žilinský kraj,501,Čadca,24,KARMA,21,0.04,10,47.61
5,Žilinský kraj,501,Čadca,25,REPUBLIKA,2999,6.05,2711,90.39
5,Žilinský kraj,502,Dolný Kubín,1,Pirátska strana - Slovensko,57,0.25,39,68.42
5,Žilinský kraj,502,Dolný Kubín,2,PRINCÍP,11,0.04,10,90.9
5,Žilinský kraj,502,Dolný Kubín,3,Progresívne Slovensko,3643,16.52,2932,80.48
5,Žilinský kraj,502,Dolný Kubín,4,SPOLOČNE OBČANIA SLOVENSKA,24,0.1,19,79.16
5,Žilinský kraj,502,Dolný Kubín,5,OĽANO A PRIATELIA,1986,9.0,1837,92.49
5,Žilinský kraj,502,Dolný Kubín,6,Komunistická strana Slovenska,100,0.45,78,78.0
5,Žilinský kraj,502,Dolný Kubín,7,Maďarské fórum,7,0.03,7,100.0
5,Žilinský kraj,502,Dolný Kubín,8,Vlastenecký blok,11,0.04,11,100.0
5,Žilinský kraj,502,Dolný Kubín,9,"Modrí, Most - Híd",21,0.09,17,80.95
5,Žilinský kraj,502,Dolný Kubín,10,SPRAVODLIVOSŤ,17,0.07,8,47.05
5,Žilinský kraj,502,Dolný Kubín,11,Slovenské Hnutie Obrody,6,0.02,6,100.0
5,Žilinský kraj,502,Dolný Kubín,12,Sloboda a Solidarita,1401,6.35,1224,87.36
5,Žilinský kraj,502,Dolný Kubín,13,SME RODINA,491,2.22,431,87.78
5,Žilinský kraj,502,Dolný Kubín,14,MySlovensko,17,0.07,13,76.47
5,Žilinský kraj,502,Dolný Kubín,15,Slovenská národná strana,1567,7.1,1421,90.68
5,Žilinský kraj,502,Dolný Kubín,16,SMER - sociálna demokracia,4055,18.39,3558,87.74
5,Žilinský kraj,502,Dolný Kubín,17,HLAS - sociálna demokracia,3193,14.48,2738,85.75
5,Žilinský kraj,502,Dolný Kubín,18,SZÖVETSÉG - Magyarok,7,0.03,6,85.71
5,Žilinský kraj,502,Dolný Kubín,19,SRDCE vlastenci a dôchodcovia,14,0.06,8,57.14
5,Žilinský kraj,502,Dolný Kubín,20,SDKU - DS,14,0.06,10,71.42
5,Žilinský kraj,502,Dolný Kubín,21,Kotlebovci - Ľudová strana Naše Slovensko,202,0.91,173,85.64
5,Žilinský kraj,502,Dolný Kubín,22,Demokrati,930,4.21,826,88.81
5,Žilinský kraj,502,Dolný Kubín,23,Kresťanskodemokratické hnutie,3167,14.36,2775,87.62
5,Žilinský kraj,502,Dolný Kubín,24,KARMA,22,0.09,16,72.72
5,Žilinský kraj,502,Dolný Kubín,25,REPUBLIKA,1082,4.9,974,90.01
5,Žilinský kraj,503,Liptovský Mikuláš,1,Pirátska strana - Slovensko,117,0.27,75,64.1
5,Žilinský kraj,503,Liptovský Mikuláš,2,PRINCÍP,24,0.05,15,62.5
5,Žilinský kraj,503,Liptovský Mikuláš,3,Progresívne Slovensko,7879,18.55,5803,73.65
5,Žilinský kraj,503,Liptovský Mikuláš,4,SPOLOČNE OBČANIA SLOVENSKA,43,0.1,23,53.48
5,Žilinský kraj,503,Liptovský Mikuláš,5,OĽANO A PRIATELIA,2876,6.77,2507,87.16
5,Žilinský kraj,503,Liptovský Mikuláš,6,Komunistická strana Slovenska,176,0.41,100,56.81
5,Žilinský kraj,503,Liptovský Mikuláš,7,Maďarské fórum,10,0.02,6,60.0
5,Žilinský kraj,503,Liptovský Mikuláš,8,Vlastenecký blok,23,0.05,20,86.95
5,Žilinský kraj,503,Liptovský Mikuláš,9,"Modrí, Most - Híd",43,0.1,30,69.76
5,Žilinský kraj,503,Liptovský Mikuláš,10,SPRAVODLIVOSŤ,30,0.07,13,43.33
5,Žilinský kraj,503,Liptovský Mikuláš,11,Slovenské Hnutie Obrody,22,0.05,17,77.27
5,Žilinský kraj,503,Liptovský Mikuláš,12,Sloboda a Solidarita,2969,6.99,2415,81.34
5,Žilinský kraj,503,Liptovský Mikuláš,13,SME RODINA,1033,2.43,840,81.31
5,Žilinský kraj,503,Liptovský Mikuláš,14,MySlovensko,50,0.11,30,60.0
5,Žilinský kraj,503,Liptovský Mikuláš,15,Slovenská národná strana,3205,7.54,2872,89.6
5,Žilinský kraj,503,Liptovský Mikuláš,16,SMER - sociálna demokracia,9372,22.07,7836,83.61
5,Žilinský kraj,503,Liptovský Mikuláš,17,HLAS - sociálna demokracia,8196,19.3,6907,84.27
5,Žilinský kraj,503,Liptovský Mikuláš,18,SZÖVETSÉG - Magyarok,33,0.07,29,87.87
5,Žilinský kraj,503,Liptovský Mikuláš,19,SRDCE vlastenci a dôchodcovia,33,0.07,16,48.48
5,Žilinský kraj,503,Liptovský Mikuláš,20,SDKU - DS,10,0.02,4,40.0
5,Žilinský kraj,503,Liptovský Mikuláš,21,Kotlebovci - Ľudová strana Naše Slovensko,357,0.84,296,82.91
5,Žilinský kraj,503,Liptovský Mikuláš,22,Demokrati,1253,2.95,1055,84.19
5,Žilinský kraj,503,Liptovský Mikuláš,23,Kresťanskodemokratické hnutie,2153,5.07,1595,74.08
5,Žilinský kraj,503,Liptovský Mikuláš,24,KARMA,50,0.11,27,54.0
5,Žilinský kraj,503,Liptovský Mikuláš,25,REPUBLIKA,2496,5.87,2132,85.41
5,Žilinský kraj,504,Martin,1,Pirátska strana - Slovensko,208,0.32,132,63.46
5,Žilinský kraj,504,Martin,2,PRINCÍP,29,0.04,26,89.65
5,Žilinský kraj,504,Martin,3,Progresívne Slovensko,11937,18.63,8714,72.99
5,Žilinský kraj,504,Martin,4,SPOLOČNE OBČANIA SLOVENSKA,55,0.08,36,65.45
5,Žilinský kraj,504,Martin,5,OĽANO A PRIATELIA,4018,6.27,3550,88.35
5,Žilinský kraj,504,Martin,6,Komunistická strana Slovenska,323,0.5,208,64.39
5,Žilinský kraj,504,Martin,7,Maďarské fórum,23,0.03,20,86.95
5,Žilinský kraj,504,Martin,8,Vlastenecký blok,34,0.05,29,85.29
5,Žilinský kraj,504,Martin,9,"Modrí, Most - Híd",78,0.12,62,79.48
5,Žilinský kraj,504,Martin,10,SPRAVODLIVOSŤ,34,0.05,23,67.64
5,Žilinský kraj,504,Martin,11,Slovenské Hnutie Obrody,45,0.07,30,66.66
5,Žilinský kraj,504,Martin,12,Sloboda a Solidarita,4001,6.24,3249,81.2
5,Žilinský kraj,504,Martin,13,SME RODINA,1462,2.28,1201,82.14
5,Žilinský kraj,504,Martin,14,MySlovensko,88,0.13,61,69.31
5,Žilinský kraj,504,Martin,15,Slovenská národná strana,5421,8.46,4855,89.55
5,Žilinský kraj,504,Martin,16,SMER - sociálna demokracia,16297,25.43,13696,84.04
5,Žilinský kraj,504,Martin,17,HLAS - sociálna demokracia,10801,16.85,8928,82.65
5,Žilinský kraj,504,Martin,18,SZÖVETSÉG - Magyarok,24,0.03,15,62.5
5,Žilinský kraj,504,Martin,19,SRDCE vlastenci a dôchodcovia,79,0.12,48,60.75
5,Žilinský kraj,504,Martin,20,SDKU - DS,18,0.02,13,72.22
5,Žilinský kraj,504,Martin,21,Kotlebovci - Ľudová strana Naše Slovensko,840,1.31,755,89.88
5,Žilinský kraj,504,Martin,22,Demokrati,1772,2.76,1499,84.59
5,Žilinský kraj,504,Martin,23,Kresťanskodemokratické hnutie,2824,4.4,2197,77.79
5,Žilinský kraj,504,Martin,24,KARMA,48,0.07,32,66.66
5,Žilinský kraj,504,Martin,25,REPUBLIKA,3605,5.62,3153,87.46
5,Žilinský kraj,505,Námestovo,1,Pirátska strana - Slovensko,114,0.21,76,66.66
5,Žilinský kraj,505,Námestovo,2,PRINCÍP,14,0.02,12,85.71
5,Žilinský kraj,505,Námestovo,3,Progresívne Slovensko,5422,10.02,4484,82.7
5,Žilinský kraj,505,Námestovo,4,SPOLOČNE OBČANIA SLOVENSKA,30,0.05,23,76.66
5,Žilinský kraj,505,Námestovo,5,OĽANO A PRIATELIA,4144,7.66,3807,91.86
5,Žilinský kraj,505,Námestovo,6,Komunistická strana Slovenska,100,0.18,74,74.0
5,Žilinský kraj,505,Námestovo,7,Maďarské fórum,11,0.02,7,63.63
5,Žilinský kraj,505,Námestovo,8,Vlastenecký blok,65,0.12,63,96.92
5,Žilinský kraj,505,Námestovo,9,"Modrí, Most - Híd",39,0.07,33,84.61
5,Žilinský kraj,505,Námestovo,10,SPRAVODLIVOSŤ,23,0.04,9,39.13
5,Žilinský kraj,505,Námestovo,11,Slovenské Hnutie Obrody,9,0.01,8,88.88
5,Žilinský kraj,505,Námestovo,12,Sloboda a Solidarita,1958,3.62,1761,89.93
5,Žilinský kraj,505,Námestovo,13,SME RODINA,1076,1.98,971,90.24
5,Žilinský kraj,505,Námestovo,14,MySlovensko,24,0.04,18,75.0
5,Žilinský kraj,505,Námestovo,15,Slovenská národná strana,4859,8.98,4521,93.04
5,Žilinský kraj,505,Námestovo,16,SMER - sociálna demokracia,10074,18.62,9102,90.35
5,Žilinský kraj,505,Námestovo,17,HLAS - sociálna demokracia,6927,12.8,6161,88.94
5,Žilinský kraj,505,Námestovo,18,SZÖVETSÉG - Magyarok,8,0.01,7,87.5
5,Žilinský kraj,505,Námestovo,19,SRDCE vlastenci a dôchodcovia,10,0.01,6,60.0
5,Žilinský kraj,505,Námestovo,20,SDKU - DS,27,0.04,17,62.96
5,Žilinský kraj,505,Námestovo,21,Kotlebovci - Ľudová strana Naše Slovensko,490,0.9,461,94.08
5,Žilinský kraj,505,Námestovo,22,Demokrati,1315,2.43,1203,91.48
5,Žilinský kraj,505,Námestovo,23,Kresťanskodemokratické hnutie,14451,26.71,13606,94.15
5,Žilinský kraj,505,Námestovo,24,KARMA,22,0.04,17,77.27
5,Žilinský kraj,505,Námestovo,25,REPUBLIKA,2876,5.31,2626,91.3
5,Žilinský kraj,506,Ružomberok,1,Pirátska strana - Slovensko,121,0.36,85,70.24
5,Žilinský kraj,506,Ružomberok,2,PRINCÍP,17,0.05,9,52.94
5,Žilinský kraj,506,Ružomberok,3,Progresívne Slovensko,4916,14.96,3762,76.52
5,Žilinský kraj,506,Ružomberok,4,SPOLOČNE OBČANIA SLOVENSKA,54,0.16,43,79.62
5,Žilinský kraj,506,Ružomberok,5,OĽANO A PRIATELIA,3044,9.26,2738,89.94
5,Žilinský kraj,506,Ružomberok,6,Komunistická strana Slovenska,164,0.49,99,60.36
5,Žilinský kraj,506,Ružomberok,7,Maďarské fórum,11,0.03,9,81.81
5,Žilinský kraj,506,Ružomberok,8,Vlastenecký blok,11,0.03,10,90.9
5,Žilinský kraj,506,Ružomberok,9,"Modrí, Most - Híd",24,0.07,16,66.66
5,Žilinský kraj,506,Ružomberok,10,SPRAVODLIVOSŤ,17,0.05,8,47.05
5,Žilinský kraj,506,Ružomberok,11,Slovenské Hnutie Obrody,13,0.03,9,69.23
5,Žilinský kraj,506,Ružomberok,12,Sloboda a Solidarita,1841,5.6,1549,84.13
5,Žilinský kraj,506,Ružomberok,13,SME RODINA,891,2.71,736,82.6
5,Žilinský kraj,506,Ružomberok,14,MySlovensko,29,0.08,25,86.2
5,Žilinský kraj,506,Ružomberok,15,Slovenská národná strana,2898,8.81,2630,90.75
5,Žilinský kraj,506,Ružomberok,16,SMER - sociálna demokracia,6489,19.74,5494,84.66
5,Žilinský kraj,506,Ružomberok,17,HLAS - sociálna demokracia,4801,14.61,4042,84.19
5,Žilinský kraj,506,Ružomberok,18,SZÖVETSÉG - Magyarok,17,0.05,9,52.94
5,Žilinský kraj,506,Ružomberok,19,SRDCE vlastenci a dôchodcovia,21,0.06,12,57.14
5,Žilinský kraj,506,Ružomberok,20,SDKU - DS,15,0.04,8,53.33
5,Žilinský kraj,506,Ružomberok,21,Kotlebovci - Ľudová strana Naše Slovensko,349,1.06,311,89.11
5,Žilinský kraj,506,Ružomberok,22,Demokrati,1097,3.33,941,85.77
5,Žilinský kraj,506,Ružomberok,23,Kresťanskodemokratické hnutie,3683,11.2,2873,78.0
5,Žilinský kraj,506,Ružomberok,24,KARMA,37,0.11,20,54.05
5,Žilinský kraj,506,Ružomberok,25,REPUBLIKA,2299,6.99,2085,90.69
5,Žilinský kraj,507,Žilina,1,Pirátska strana - Slovensko,332,0.25,199,59.93
5,Žilinský kraj,507,Žilina,2,PRINCÍP,41,0.03,33,80.48
5,Žilinský kraj,507,Žilina,3,Progresívne Slovensko,22774,17.2,17158,75.34
5,Žilinský kraj,507,Žilina,4,SPOLOČNE OBČANIA SLOVENSKA,205,0.15,144,70.24
5,Žilinský kraj,507,Žilina,5,OĽANO A PRIATELIA,8817,6.65,7889,89.47
5,Žilinský kraj,507,Žilina,6,Komunistická strana Slovenska,373,0.28,242,64.87
5,Žilinský kraj,507,Žilina,7,Maďarské fórum,33,0.02,23,69.69
5,Žilinský kraj,507,Žilina,8,Vlastenecký blok,56,0.04,46,82.14
5,Žilinský kraj,507,Žilina,9,"Modrí, Most - Híd",96,0.07,76,79.16
5,Žilinský kraj,507,Žilina,10,SPRAVODLIVOSŤ,38,0.02,22,57.89
5,Žilinský kraj,507,Žilina,11,Slovenské Hnutie Obrody,52,0.03,36,69.23
5,Žilinský kraj,507,Žilina,12,Sloboda a Solidarita,8248,6.22,6758,81.93
5,Žilinský kraj,507,Žilina,13,SME RODINA,2407,1.81,1987,82.55
5,Žilinský kraj,507,Žilina,14,MySlovensko,105,0.07,72,68.57
5,Žilinský kraj,507,Žilina,15,Slovenská národná strana,10604,8.0,9332,88.0
5,Žilinský kraj,507,Žilina,16,SMER - sociálna demokracia,37288,28.16,32177,86.29
5,Žilinský kraj,507,Žilina,17,HLAS - sociálna demokracia,20190,15.24,17029,84.34
5,Žilinský kraj,507,Žilina,18,SZÖVETSÉG - Magyarok,19,0.01,12,63.15
5,Žilinský kraj,507,Žilina,19,SRDCE vlastenci a dôchodcovia,97,0.07,67,69.07
5,Žilinský kraj,507,Žilina,20,SDKU - DS,28,0.02,15,53.57
5,Žilinský kraj,507,Žilina,21,Kotlebovci - Ľudová strana Naše Slovensko,1154,0.87,990,85.78
5,Žilinský kraj,507,Žilina,22,Demokrati,4001,3.02,3455,86.35
5,Žilinský kraj,507,Žilina,23,Kresťanskodemokratické hnutie,8418,6.35,6466,76.81
5,Žilinský kraj,507,Žilina,24,KARMA,83,0.06,41,49.39
5,Žilinský kraj,507,Žilina,25,REPUBLIKA,6944,5.24,6046,87.06
6,Banskobystrický kraj,601,Banská Bystrica,1,Pirátska strana - Slovensko,191,0.3,118,61.78
6,Banskobystrický kraj,601,Banská Bystrica,2,PRINCÍP,20,0.03,14,70.0
6,Banskobystrický kraj,601,Banská Bystrica,3,Progresívne Slovensko,13541,21.7,9895,73.07
6,Banskobystrický kraj,601,Banská Bystrica,4,SPOLOČNE OBČANIA SLOVENSKA,44,0.07,27,61.36
6,Banskobystrický kraj,601,Banská Bystrica,5,OĽANO A PRIATELIA,3077,4.93,2647,86.02
6,Banskobystrický kraj,601,Banská Bystrica,6,Komunistická strana Slovenska,220,0.35,119,54.09
6,Banskobystrický kraj,601,Banská Bystrica,7,Maďarské fórum,59,0.09,55,93.22
6,Banskobystrický kraj,601,Banská Bystrica,8,Vlastenecký blok,12,0.01,9,75.0
6,Banskobystrický kraj,601,Banská Bystrica,9,"Modrí, Most - Híd",92,0.14,67,72.82
6,Banskobystrický kraj,601,Banská Bystrica,10,SPRAVODLIVOSŤ,19,0.03,11,57.89
6,Banskobystrický kraj,601,Banská Bystrica,11,Slovenské Hnutie Obrody,27,0.04,18,66.66
6,Banskobystrický kraj,601,Banská Bystrica,12,Sloboda a Solidarita,4723,7.57,3786,80.16
6,Banskobystrický kraj,601,Banská Bystrica,13,SME RODINA,1361,2.18,1104,81.11
6,Banskobystrický kraj,601,Banská Bystrica,14,MySlovensko,59,0.09,33,55.93
6,Banskobystrický kraj,601,Banská Bystrica,15,Slovenská národná strana,3866,6.19,3500,90.53
6,Banskobystrický kraj,601,Banská Bystrica,16,SMER - sociálna demokracia,12855,20.6,10839,84.31
6,Banskobystrický kraj,601,Banská Bystrica,17,HLAS - sociálna demokracia,13782,22.09,11599,84.16
6,Banskobystrický kraj,601,Banská Bystrica,18,SZÖVETSÉG - Magyarok,54,0.08,40,74.07
6,Banskobystrický kraj,601,Banská Bystrica,19,SRDCE vlastenci a dôchodcovia,84,0.13,63,75.0
6,Banskobystrický kraj,601,Banská Bystrica,20,SDKU - DS,14,0.02,9,64.28
6,Banskobystrický kraj,601,Banská Bystrica,21,Kotlebovci - Ľudová strana Naše Slovensko,776,1.24,671,86.46
6,Banskobystrický kraj,601,Banská Bystrica,22,Demokrati,1957,3.13,1666,85.13
6,Banskobystrický kraj,601,Banská Bystrica,23,Kresťanskodemokratické hnutie,3144,5.03,2455,78.08
6,Banskobystrický kraj,601,Banská Bystrica,24,KARMA,52,0.08,23,44.23
6,Banskobystrický kraj,601,Banská Bystrica,25,REPUBLIKA,2358,3.77,2051,86.98
6,Banskobystrický kraj,602,Brezno,1,Pirátska strana - Slovensko,127,0.4,92,72.44
6,Banskobystrický kraj,602,Brezno,2,PRINCÍP,14,0.04,11,78.57
6,Banskobystrický kraj,602,Brezno,3,Progresívne Slovensko,4214,13.49,3227,76.57
6,Banskobystrický kraj,602,Brezno,4,SPOLOČNE OBČANIA SLOVENSKA,31,0.09,14,45.16
6,Banskobystrický kraj,602,Brezno,5,OĽANO A PRIATELIA,2278,7.29,2031,89.15
6,Banskobystrický kraj,602,Brezno,6,Komunistická strana Slovenska,143,0.45,96,67.13
6,Banskobystrický kraj,602,Brezno,7,Maďarské fórum,13,0.04,8,61.53
6,Banskobystrický kraj,602,Brezno,8,Vlastenecký blok,12,0.03,9,75.0
6,Banskobystrický kraj,602,Brezno,9,"Modrí, Most - Híd",55,0.17,43,78.18
6,Banskobystrický kraj,602,Brezno,10,SPRAVODLIVOSŤ,9,0.02,6,66.66
6,Banskobystrický kraj,602,Brezno,11,Slovenské Hnutie Obrody,10,0.03,6,60.0
6,Banskobystrický kraj,602,Brezno,12,Sloboda a Solidarita,1540,4.93,1270,82.46
6,Banskobystrický kraj,602,Brezno,13,SME RODINA,876,2.8,748,85.38
6,Banskobystrický kraj,602,Brezno,14,MySlovensko,34,0.1,24,70.58
6,Banskobystrický kraj,602,Brezno,15,Slovenská národná strana,2317,7.42,2099,90.59
6,Banskobystrický kraj,602,Brezno,16,SMER - sociálna demokracia,7580,24.28,6605,87.13
6,Banskobystrický kraj,602,Brezno,17,HLAS - sociálna demokracia,6909,22.13,5952,86.14
6,Banskobystrický kraj,602,Brezno,18,SZÖVETSÉG - Magyarok,26,0.08,19,73.07
6,Banskobystrický kraj,602,Brezno,19,SRDCE vlastenci a dôchodcovia,165,0.52,135,81.81
6,Banskobystrický kraj,602,Brezno,20,SDKU - DS,14,0.04,9,64.28
6,Banskobystrický kraj,602,Brezno,21,Kotlebovci - Ľudová strana Naše Slovensko,366,1.17,320,87.43
6,Banskobystrický kraj,602,Brezno,22,Demokrati,688,2.2,600,87.2
6,Banskobystrický kraj,602,Brezno,23,Kresťanskodemokratické hnutie,1432,4.58,1140,79.6
6,Banskobystrický kraj,602,Brezno,24,KARMA,24,0.07,13,54.16
6,Banskobystrický kraj,602,Brezno,25,REPUBLIKA,2340,7.49,2091,89.35
6,Banskobystrický kraj,603,Lučenec,1,Pirátska strana - Slovensko,209,0.5,157,75.11
6,Banskobystrický kraj,603,Lučenec,2,PRINCÍP,57,0.13,50,87.71
6,Banskobystrický kraj,603,Lučenec,3,Progresívne Slovensko,5000,12.18,3789,75.78
6,Banskobystrický kraj,603,Lučenec,4,SPOLOČNE OBČANIA SLOVENSKA,43,0.1,29,67.44
6,Banskobystrický kraj,603,Lučenec,5,OĽANO A PRIATELIA,3847,9.37,3347,87.0
6,Banskobystrický kraj,603,Lučenec,6,Komunistická strana Slovenska,208,0.5,144,69.23
6,Banskobystrický kraj,603,Lučenec,7,Maďarské fórum,112,0.27,93,83.03
6,Banskobystrický kraj,603,Lučenec,8,Vlastenecký blok,14,0.03,13,92.85
6,Banskobystrický kraj,603,Lučenec,9,"Modrí, Most - Híd",369,0.89,323,87.53
6,Banskobystrický kraj,603,Lučenec,10,SPRAVODLIVOSŤ,32,0.07,25,78.12
6,Banskobystrický kraj,603,Lučenec,11,Slovenské Hnutie Obrody,16,0.03,13,81.25
6,Banskobystrický kraj,603,Lučenec,12,Sloboda a Solidarita,1448,3.52,1201,82.94
6,Banskobystrický kraj,603,Lučenec,13,SME RODINA,1103,2.68,927,84.04
6,Banskobystrický kraj,603,Lučenec,14,MySlovensko,33,0.08,24,72.72
6,Banskobystrický kraj,603,Lučenec,15,Slovenská národná strana,2336,5.69,2111,90.36
6,Banskobystrický kraj,603,Lučenec,16,SMER - sociálna demokracia,10117,24.65,8753,86.51
6,Banskobystrický kraj,603,Lučenec,17,HLAS - sociálna demokracia,8068,19.66,6959,86.25
6,Banskobystrický kraj,603,Lučenec,18,SZÖVETSÉG - Magyarok,3285,8.0,2965,90.25
6,Banskobystrický kraj,603,Lučenec,19,SRDCE vlastenci a dôchodcovia,37,0.09,26,70.27
6,Banskobystrický kraj,603,Lučenec,20,SDKU - DS,14,0.03,8,57.14
6,Banskobystrický kraj,603,Lučenec,21,Kotlebovci - Ľudová strana Naše Slovensko,547,1.33,482,88.11
6,Banskobystrický kraj,603,Lučenec,22,Demokrati,725,1.76,622,85.79
6,Banskobystrický kraj,603,Lučenec,23,Kresťanskodemokratické hnutie,1198,2.91,949,79.21
6,Banskobystrický kraj,603,Lučenec,24,KARMA,21,0.05,12,57.14
6,Banskobystrický kraj,603,Lučenec,25,REPUBLIKA,2194,5.34,1984,90.42
6,Banskobystrický kraj,604,Rimavská Sobota,1,Pirátska strana - Slovensko,437,0.91,380,86.95
6,Banskobystrický kraj,604,Rimavská Sobota,2,PRINCÍP,73,0.15,63,86.3
6,Banskobystrický kraj,604,Rimavská Sobota,3,Progresívne Slovensko,4156,8.68,3090,74.35
6,Banskobystrický kraj,604,Rimavská Sobota,4,SPOLOČNE OBČANIA SLOVENSKA,63,0.13,43,68.25
6,Banskobystrický kraj,604,Rimavská Sobota,5,OĽANO A PRIATELIA,5998,12.53,5356,89.29
6,Banskobystrický kraj,604,Rimavská Sobota,6,Komunistická strana Slovenska,159,0.33,95,59.74
6,Banskobystrický kraj,604,Rimavská Sobota,7,Maďarské fórum,336,0.7,292,86.9
6,Banskobystrický kraj,604,Rimavská Sobota,8,Vlastenecký blok,16,0.03,13,81.25
6,Banskobystrický kraj,604,Rimavská Sobota,9,"Modrí, Most - Híd",176,0.36,149,84.65
6,Banskobystrický kraj,604,Rimavská Sobota,10,SPRAVODLIVOSŤ,20,0.04,14,70.0
6,Banskobystrický kraj,604,Rimavská Sobota,11,Slovenské Hnutie Obrody,38,0.07,35,92.1
6,Banskobystrický kraj,604,Rimavská Sobota,12,Sloboda a Solidarita,1424,2.97,1191,83.63
6,Banskobystrický kraj,604,Rimavská Sobota,13,SME RODINA,2006,4.19,1845,91.97
6,Banskobystrický kraj,604,Rimavská Sobota,14,MySlovensko,30,0.06,19,63.33
6,Banskobystrický kraj,604,Rimavská Sobota,15,Slovenská národná strana,2016,4.21,1770,87.79
6,Banskobystrický kraj,604,Rimavská Sobota,16,SMER - sociálna demokracia,9060,18.92,7904,87.24
6,Banskobystrický kraj,604,Rimavská Sobota,17,HLAS - sociálna demokracia,7230,15.1,6176,85.42
6,Banskobystrický kraj,604,Rimavská Sobota,18,SZÖVETSÉG - Magyarok,9932,20.75,9281,93.44
6,Banskobystrický kraj,604,Rimavská Sobota,19,SRDCE vlastenci a dôchodcovia,37,0.07,24,64.86
6,Banskobystrický kraj,604,Rimavská Sobota,20,SDKU - DS,14,0.02,8,57.14
6,Banskobystrický kraj,604,Rimavská Sobota,21,Kotlebovci - Ľudová strana Naše Slovensko,575,1.2,507,88.17
6,Banskobystrický kraj,604,Rimavská Sobota,22,Demokrati,762,1.59,676,88.71
6,Banskobystrický kraj,604,Rimavská Sobota,23,Kresťanskodemokratické hnutie,819,1.71,585,71.42
6,Banskobystrický kraj,604,Rimavská Sobota,24,KARMA,39,0.08,28,71.79
6,Banskobystrický kraj,604,Rimavská Sobota,25,REPUBLIKA,2447,5.11,2188,89.41
6,Banskobystrický kraj,605,Veľký Krtíš,1,Pirátska strana - Slovensko,110,0.54,93,84.54
6,Banskobystrický kraj,605,Veľký Krtíš,2,PRINCÍP,19,0.09,16,84.21
6,Banskobystrický kraj,605,Veľký Krtíš,3,Progresívne Slovensko,1950,9.74,1409,72.25
6,Banskobystrický kraj,605,Veľký Krtíš,4,SPOLOČNE OBČANIA SLOVENSKA,26,0.12,16,61.53
6,Banskobystrický kraj,605,Veľký Krtíš,5,OĽANO A PRIATELIA,1737,8.68,1504,86.58
6,Banskobystrický kraj,605,Veľký Krtíš,6,Komunistická strana Slovenska,51,0.25,27,52.94
6,Banskobystrický kraj,605,Veľký Krtíš,7,Maďarské fórum,84,0.41,79,94.04
6,Banskobystrický kraj,605,Veľký Krtíš,8,Vlastenecký blok,11,0.05,9,81.81
6,Banskobystrický kraj,605,Veľký Krtíš,9,"Modrí, Most - Híd",267,1.33,238,89.13
6,Banskobystrický kraj,605,Veľký Krtíš,10,SPRAVODLIVOSŤ,9,0.04,6,66.66
6,Banskobystrický kraj,605,Veľký Krtíš,11,Slovenské Hnutie Obrody,10,0.04,8,80.0
6,Banskobystrický kraj,605,Veľký Krtíš,12,Sloboda a Solidarita,590,2.94,500,84.74
6,Banskobystrický kraj,605,Veľký Krtíš,13,SME RODINA,416,2.07,371,89.18
6,Banskobystrický kraj,605,Veľký Krtíš,14,MySlovensko,12,0.05,9,75.0
6,Banskobystrický kraj,605,Veľký Krtíš,15,Slovenská národná strana,828,4.13,726,87.68
6,Banskobystrický kraj,605,Veľký Krtíš,16,SMER - sociálna demokracia,4563,22.81,3933,86.19
6,Banskobystrický kraj,605,Veľký Krtíš,17,HLAS - sociálna demokracia,4023,20.11,3462,86.05
6,Banskobystrický kraj,605,Veľký Krtíš,18,SZÖVETSÉG - Magyarok,3049,15.24,2697,88.45
6,Banskobystrický kraj,605,Veľký Krtíš,19,SRDCE vlastenci a dôchodcovia,105,0.52,95,90.47
6,Banskobystrický kraj,605,Veľký Krtíš,20,SDKU - DS,3,0.01,2,66.66
6,Banskobystrický kraj,605,Veľký Krtíš,21,Kotlebovci - Ľudová strana Naše Slovensko,390,1.94,351,90.0
6,Banskobystrický kraj,605,Veľký Krtíš,22,Demokrati,293,1.46,251,85.66
6,Banskobystrický kraj,605,Veľký Krtíš,23,Kresťanskodemokratické hnutie,429,2.14,298,69.46
6,Banskobystrický kraj,605,Veľký Krtíš,24,KARMA,11,0.05,7,63.63
6,Banskobystrický kraj,605,Veľký Krtíš,25,REPUBLIKA,1017,5.08,903,88.79
6,Banskobystrický kraj,606,Zvolen,1,Pirátska strana - Slovensko,199,0.29,121,60.8
6,Banskobystrický kraj,606,Zvolen,2,PRINCÍP,36,0.05,31,86.11
6,Banskobystrický kraj,606,Zvolen,3,Progresívne Slovensko,10846,16.2,7973,73.51
6,Banskobystrický kraj,606,Zvolen,4,SPOLOČNE OBČANIA SLOVENSKA,53,0.07,24,45.28
6,Banskobystrický kraj,606,Zvolen,5,OĽANO A PRIATELIA,3900,5.82,3335,85.51
6,Banskobystrický kraj,606,Zvolen,6,Komunistická strana Slovenska,328,0.48,227,69.2
6,Banskobystrický kraj,606,Zvolen,7,Maďarské fórum,32,0.04,26,81.25
6,Banskobystrický kraj,606,Zvolen,8,Vlastenecký blok,39,0.05,31,79.48
6,Banskobystrický kraj,606,Zvolen,9,"Modrí, Most - Híd",118,0.17,88,74.57
6,Banskobystrický kraj,606,Zvolen,10,SPRAVODLIVOSŤ,28,0.04,19,67.85
6,Banskobystrický kraj,606,Zvolen,11,Slovenské Hnutie Obrody,34,0.05,23,67.64
6,Banskobystrický kraj,606,Zvolen,12,Sloboda a Solidarita,4115,6.14,3293,80.02
6,Banskobystrický kraj,606,Zvolen,13,SME RODINA,1618,2.41,1304,80.59
6,Banskobystrický kraj,606,Zvolen,14,MySlovensko,56,0.08,34,60.71
6,Banskobystrický kraj,606,Zvolen,15,Slovenská národná strana,5926,8.85,5338,90.07
6,Banskobystrický kraj,606,Zvolen,16,SMER - sociálna demokracia,16582,24.77,13848,83.51
6,Banskobystrický kraj,606,Zvolen,17,HLAS - sociálna demokracia,13001,19.42,10830,83.3
6,Banskobystrický kraj,606,Zvolen,18,SZÖVETSÉG - Magyarok,61,0.09,40,65.57
6,Banskobystrický kraj,606,Zvolen,19,SRDCE vlastenci a dôchodcovia,64,0.09,40,62.5
6,Banskobystrický kraj,606,Zvolen,20,SDKU - DS,14,0.02,11,78.57
6,Banskobystrický kraj,606,Zvolen,21,Kotlebovci - Ľudová strana Naše Slovensko,765,1.14,666,87.05
6,Banskobystrický kraj,606,Zvolen,22,Demokrati,1801,2.69,1555,86.34
6,Banskobystrický kraj,606,Zvolen,23,Kresťanskodemokratické hnutie,3873,5.78,2867,74.02
6,Banskobystrický kraj,606,Zvolen,24,KARMA,52,0.07,25,48.07
6,Banskobystrický kraj,606,Zvolen,25,REPUBLIKA,3400,5.07,3014,88.64
6,Banskobystrický kraj,607,Žiar nad Hronom,1,Pirátska strana - Slovensko,206,0.42,148,71.84
6,Banskobystrický kraj,607,Žiar nad Hronom,2,PRINCÍP,27,0.05,20,74.07
6,Banskobystrický kraj,607,Žiar nad Hronom,3,Progresívne Slovensko,7825,16.26,5659,72.31
6,Banskobystrický kraj,607,Žiar nad Hronom,4,SPOLOČNE OBČANIA SLOVENSKA,38,0.07,24,63.15
6,Banskobystrický kraj,607,Žiar nad Hronom,5,OĽANO A PRIATELIA,2696,5.6,2292,85.01
6,Banskobystrický kraj,607,Žiar nad Hronom,6,Komunistická strana Slovenska,266,0.55,156,58.64
6,Banskobystrický kraj,607,Žiar nad Hronom,7,Maďarské fórum,15,0.03,13,86.66
6,Banskobystrický kraj,607,Žiar nad Hronom,8,Vlastenecký blok,24,0.04,21,87.5
6,Banskobystrický kraj,607,Žiar nad Hronom,9,"Modrí, Most - Híd",65,0.13,47,72.3
6,Banskobystrický kraj,607,Žiar nad Hronom,10,SPRAVODLIVOSŤ,29,0.06,20,68.96
6,Banskobystrický kraj,607,Žiar nad Hronom,11,Slovenské Hnutie Obrody,30,0.06,22,73.33
6,Banskobystrický kraj,607,Žiar nad Hronom,12,Sloboda a Solidarita,2493,5.18,1989,79.78
6,Banskobystrický kraj,607,Žiar nad Hronom,13,SME RODINA,1298,2.69,1082,83.35
6,Banskobystrický kraj,607,Žiar nad Hronom,14,MySlovensko,128,0.26,94,73.43
6,Banskobystrický kraj,607,Žiar nad Hronom,15,Slovenská národná strana,3479,7.23,3036,87.26
6,Banskobystrický kraj,607,Žiar nad Hronom,16,SMER - sociálna demokracia,11935,24.8,9968,83.51
6,Banskobystrický kraj,607,Žiar nad Hronom,17,HLAS - sociálna demokracia,9763,20.29,8135,83.32
6,Banskobystrický kraj,607,Žiar nad Hronom,18,SZÖVETSÉG - Magyarok,37,0.07,24,64.86
6,Banskobystrický kraj,607,Žiar nad Hronom,19,SRDCE vlastenci a dôchodcovia,67,0.13,43,64.17
6,Banskobystrický kraj,607,Žiar nad Hronom,20,SDKU - DS,11,0.02,4,36.36
6,Banskobystrický kraj,607,Žiar nad Hronom,21,Kotlebovci - Ľudová strana Naše Slovensko,809,1.68,691,85.41
6,Banskobystrický kraj,607,Žiar nad Hronom,22,Demokrati,1399,2.9,1161,82.98
6,Banskobystrický kraj,607,Žiar nad Hronom,23,Kresťanskodemokratické hnutie,2736,5.68,1962,71.71
6,Banskobystrický kraj,607,Žiar nad Hronom,24,KARMA,32,0.06,22,68.75
6,Banskobystrický kraj,607,Žiar nad Hronom,25,REPUBLIKA,2707,5.62,2354,86.95
7,Prešovský kraj,701,Bardejov,1,Pirátska strana - Slovensko,118,0.3,94,79.66
7,Prešovský kraj,701,Bardejov,2,PRINCÍP,37,0.09,29,78.37
7,Prešovský kraj,701,Bardejov,3,Progresívne Slovensko,3457,8.81,2731,78.99
7,Prešovský kraj,701,Bardejov,4,SPOLOČNE OBČANIA SLOVENSKA,21,0.05,17,80.95
7,Prešovský kraj,701,Bardejov,5,OĽANO A PRIATELIA,5548,14.14,5132,92.5
7,Prešovský kraj,701,Bardejov,6,Komunistická strana Slovenska,96,0.24,65,67.7
7,Prešovský kraj,701,Bardejov,7,Maďarské fórum,16,0.04,14,87.5
7,Prešovský kraj,701,Bardejov,8,Vlastenecký blok,7,0.01,3,42.85
7,Prešovský kraj,701,Bardejov,9,"Modrí, Most - Híd",54,0.13,41,75.92
7,Prešovský kraj,701,Bardejov,10,SPRAVODLIVOSŤ,13,0.03,9,69.23
7,Prešovský kraj,701,Bardejov,11,Slovenské Hnutie Obrody,10,0.02,7,70.0
7,Prešovský kraj,701,Bardejov,12,Sloboda a Solidarita,1379,3.51,1215,88.1
7,Prešovský kraj,701,Bardejov,13,SME RODINA,853,2.17,725,84.99
7,Prešovský kraj,701,Bardejov,14,MySlovensko,34,0.08,22,64.7
7,Prešovský kraj,701,Bardejov,15,Slovenská národná strana,1995,5.08,1829,91.67
7,Prešovský kraj,701,Bardejov,16,SMER - sociálna demokracia,8903,22.7,7925,89.01
7,Prešovský kraj,701,Bardejov,17,HLAS - sociálna demokracia,6944,17.7,6094,87.75
7,Prešovský kraj,701,Bardejov,18,SZÖVETSÉG - Magyarok,23,0.05,17,73.91
7,Prešovský kraj,701,Bardejov,19,SRDCE vlastenci a dôchodcovia,17,0.04,8,47.05
7,Prešovský kraj,701,Bardejov,20,SDKU - DS,9,0.02,4,44.44
7,Prešovský kraj,701,Bardejov,21,Kotlebovci - Ľudová strana Naše Slovensko,211,0.53,180,85.3
7,Prešovský kraj,701,Bardejov,22,Demokrati,988,2.51,844,85.42
7,Prešovský kraj,701,Bardejov,23,Kresťanskodemokratické hnutie,6732,17.16,5969,88.66
7,Prešovský kraj,701,Bardejov,24,KARMA,14,0.03,6,42.85
7,Prešovský kraj,701,Bardejov,25,REPUBLIKA,1739,4.43,1566,90.05
7,Prešovský kraj,702,Humenné,1,Pirátska strana - Slovensko,89,0.16,62,69.66
7,Prešovský kraj,702,Humenné,2,PRINCÍP,72,0.13,64,88.88
7,Prešovský kraj,702,Humenné,3,Progresívne Slovensko,4205,7.95,3245,77.17
7,Prešovský kraj,702,Humenné,4,SPOLOČNE OBČANIA SLOVENSKA,32,0.06,18,56.25
7,Prešovský kraj,702,Humenné,5,OĽANO A PRIATELIA,4541,8.58,4207,92.64
7,Prešovský kraj,702,Humenné,6,Komunistická strana Slovenska,175,0.33,119,68.0
7,Prešovský kraj,702,Humenné,7,Maďarské fórum,50,0.09,47,94.0
7,Prešovský kraj,702,Humenné,8,Vlastenecký blok,16,0.03,9,56.25
7,Prešovský kraj,702,Humenné,9,"Modrí, Most - Híd",71,0.13,57,80.28
7,Prešovský kraj,702,Humenné,10,SPRAVODLIVOSŤ,17,0.03,11,64.7
7,Prešovský kraj,702,Humenné,11,Slovenské Hnutie Obrody,16,0.03,12,75.0
7,Prešovský kraj,702,Humenné,12,Sloboda a Solidarita,1827,3.45,1556,85.16
7,Prešovský kraj,702,Humenné,13,SME RODINA,1268,2.39,1127,88.88
7,Prešovský kraj,702,Humenné,14,MySlovensko,41,0.07,30,73.17
7,Prešovský kraj,702,Humenné,15,Slovenská národná strana,3276,6.19,2980,90.96
7,Prešovský kraj,702,Humenné,16,SMER - sociálna demokracia,16744,31.67,14749,88.08
7,Prešovský kraj,702,Humenné,17,HLAS - sociálna demokracia,10227,19.34,9131,89.28
7,Prešovský kraj,702,Humenné,18,SZÖVETSÉG - Magyarok,30,0.05,23,76.66
7,Prešovský kraj,702,Humenné,19,SRDCE vlastenci a dôchodcovia,41,0.07,36,87.8
7,Prešovský kraj,702,Humenné,20,SDKU - DS,23,0.04,13,56.52
7,Prešovský kraj,702,Humenné,21,Kotlebovci - Ľudová strana Naše Slovensko,342,0.64,305,89.18
7,Prešovský kraj,702,Humenné,22,Demokrati,984,1.86,855,86.89
7,Prešovský kraj,702,Humenné,23,Kresťanskodemokratické hnutie,6073,11.48,5134,84.53
7,Prešovský kraj,702,Humenné,24,KARMA,38,0.07,29,76.31
7,Prešovský kraj,702,Humenné,25,REPUBLIKA,2672,5.05,2445,91.5
7,Prešovský kraj,703,Kežmarok,1,Pirátska strana - Slovensko,106,0.31,79,74.52
7,Prešovský kraj,703,Kežmarok,2,PRINCÍP,34,0.1,29,85.29
7,Prešovský kraj,703,Kežmarok,3,Progresívne Slovensko,3353,9.94,2708,80.76
7,Prešovský kraj,703,Kežmarok,4,SPOLOČNE OBČANIA SLOVENSKA,17,0.05,10,58.82
7,Prešovský kraj,703,Kežmarok,5,OĽANO A PRIATELIA,9036,26.8,8451,93.52
7,Prešovský kraj,703,Kežmarok,6,Komunistická strana Slovenska,94,0.27,72,76.59
7,Prešovský kraj,703,Kežmarok,7,Maďarské fórum,18,0.05,8,44.44
7,Prešovský kraj,703,Kežmarok,8,Vlastenecký blok,8,0.02,7,87.5
7,Prešovský kraj,703,Kežmarok,9,"Modrí, Most - Híd",71,0.21,62,87.32
7,Prešovský kraj,703,Kežmarok,10,SPRAVODLIVOSŤ,21,0.06,11,52.38
7,Prešovský kraj,703,Kežmarok,11,Slovenské Hnutie Obrody,17,0.05,14,82.35
7,Prešovský kraj,703,Kežmarok,12,Sloboda a Solidarita,1144,3.39,957,83.65
7,Prešovský kraj,703,Kežmarok,13,SME RODINA,627,1.86,563,89.79
7,Prešovský kraj,703,Kežmarok,14,MySlovensko,18,0.05,11,61.11
7,Prešovský kraj,703,Kežmarok,15,Slovenská národná strana,1592,4.72,1454,91.33
7,Prešovský kraj,703,Kežmarok,16,SMER - sociálna demokracia,5105,15.14,4479,87.73
7,Prešovský kraj,703,Kežmarok,17,HLAS - sociálna demokracia,4042,11.99,3570,88.32
7,Prešovský kraj,703,Kežmarok,18,SZÖVETSÉG - Magyarok,30,0.08,20,66.66
7,Prešovský kraj,703,Kežmarok,19,SRDCE vlastenci a dôchodcovia,14,0.04,5,35.71
7,Prešovský kraj,703,Kežmarok,20,SDKU - DS,11,0.03,8,72.72
7,Prešovský kraj,703,Kežmarok,21,Kotlebovci - Ľudová strana Naše Slovensko,206,0.61,174,84.46
7,Prešovský kraj,703,Kežmarok,22,Demokrati,772,2.29,668,86.52
7,Prešovský kraj,703,Kežmarok,23,Kresťanskodemokratické hnutie,5079,15.06,4500,88.6
7,Prešovský kraj,703,Kežmarok,24,KARMA,18,0.05,9,50.0
7,Prešovský kraj,703,Kežmarok,25,REPUBLIKA,2274,6.74,2061,90.63
7,Prešovský kraj,704,Poprad,1,Pirátska strana - Slovensko,191,0.26,134,70.15
7,Prešovský kraj,704,Poprad,2,PRINCÍP,42,0.05,28,66.66
7,Prešovský kraj,704,Poprad,3,Progresívne Slovensko,11283,15.7,8815,78.12
7,Prešovský kraj,704,Poprad,4,SPOLOČNE OBČANIA SLOVENSKA,73,0.1,50,68.49
7,Prešovský kraj,704,Poprad,5,OĽANO A PRIATELIA,9305,12.95,8509,91.44
7,Prešovský kraj,704,Poprad,6,Komunistická strana Slovenska,274,0.38,201,73.35
7,Prešovský kraj,704,Poprad,7,Maďarské fórum,24,0.03,18,75.0
7,Prešovský kraj,704,Poprad,8,Vlastenecký blok,14,0.01,12,85.71
7,Prešovský kraj,704,Poprad,9,"Modrí, Most - Híd",79,0.1,63,79.74
7,Prešovský kraj,704,Poprad,10,SPRAVODLIVOSŤ,26,0.03,11,42.3
7,Prešovský kraj,704,Poprad,11,Slovenské Hnutie Obrody,40,0.05,34,85.0
7,Prešovský kraj,704,Poprad,12,Sloboda a Solidarita,4078,5.67,3434,84.2
7,Prešovský kraj,704,Poprad,13,SME RODINA,1609,2.23,1375,85.45
7,Prešovský kraj,704,Poprad,14,MySlovensko,49,0.06,40,81.63
7,Prešovský kraj,704,Poprad,15,Slovenská národná strana,4188,5.82,3846,91.83
7,Prešovský kraj,704,Poprad,16,SMER - sociálna demokracia,13632,18.97,11808,86.61
7,Prešovský kraj,704,Poprad,17,HLAS - sociálna demokracia,9880,13.75,8468,85.7
7,Prešovský kraj,704,Poprad,18,SZÖVETSÉG - Magyarok,92,0.12,62,67.39
7,Prešovský kraj,704,Poprad,19,SRDCE vlastenci a dôchodcovia,59,0.08,37,62.71
7,Prešovský kraj,704,Poprad,20,SDKU - DS,19,0.02,10,52.63
7,Prešovský kraj,704,Poprad,21,Kotlebovci - Ľudová strana Naše Slovensko,493,0.68,431,87.42
7,Prešovský kraj,704,Poprad,22,Demokrati,2170,3.02,1859,85.66
7,Prešovský kraj,704,Poprad,23,Kresťanskodemokratické hnutie,10037,13.96,8517,84.85
7,Prešovský kraj,704,Poprad,24,KARMA,59,0.08,34,57.62
7,Prešovský kraj,704,Poprad,25,REPUBLIKA,4131,5.74,3676,88.98
7,Prešovský kraj,705,Prešov,1,Pirátska strana - Slovensko,435,0.36,327,75.17
7,Prešovský kraj,705,Prešov,2,PRINCÍP,116,0.09,88,75.86
7,Prešovský kraj,705,Prešov,3,Progresívne Slovensko,15573,13.07,12364,79.39
7,Prešovský kraj,705,Prešov,4,SPOLOČNE OBČANIA SLOVENSKA,105,0.08,70,66.66
7,Prešovský kraj,705,Prešov,5,OĽANO A PRIATELIA,16977,14.25,15619,92.0
7,Prešovský kraj,705,Prešov,6,Komunistická strana Slovenska,312,0.26,219,70.19
7,Prešovský kraj,705,Prešov,7,Maďarské fórum,57,0.04,45,78.94
7,Prešovský kraj,705,Prešov,8,Vlastenecký blok,40,0.03,29,72.5
7,Prešovský kraj,705,Prešov,9,"Modrí, Most - Híd",144,0.12,125,86.8
7,Prešovský kraj,705,Prešov,10,SPRAVODLIVOSŤ,56,0.04,35,62.5
7,Prešovský kraj,705,Prešov,11,Slovenské Hnutie Obrody,39,0.03,28,71.79
7,Prešovský kraj,705,Prešov,12,Sloboda a Solidarita,5721,4.8,4965,86.78
7,Prešovský kraj,705,Prešov,13,SME RODINA,3319,2.78,2939,88.55
7,Prešovský kraj,705,Prešov,14,MySlovensko,71,0.05,58,81.69
7,Prešovský kraj,705,Prešov,15,Slovenská národná strana,6577,5.52,5954,90.52
7,Prešovský kraj,705,Prešov,16,SMER - sociálna demokracia,21362,17.93,18612,87.12
7,Prešovský kraj,705,Prešov,17,HLAS - sociálna demokracia,18889,15.86,16637,88.07
7,Prešovský kraj,705,Prešov,18,SZÖVETSÉG - Magyarok,78,0.06,57,73.07
7,Prešovský kraj,705,Prešov,19,SRDCE vlastenci a dôchodcovia,49,0.04,25,51.02
7,Prešovský kraj,705,Prešov,20,SDKU - DS,51,0.04,34,66.66
7,Prešovský kraj,705,Prešov,21,Kotlebovci - Ľudová strana Naše Slovensko,716,0.6,633,88.4
7,Prešovský kraj,705,Prešov,22,Demokrati,4166,3.49,3693,88.64
7,Prešovský kraj,705,Prešov,23,Kresťanskodemokratické hnutie,18580,15.6,15978,85.99
7,Prešovský kraj,705,Prešov,24,KARMA,81,0.06,44,54.32
7,Prešovský kraj,705,Prešov,25,REPUBLIKA,5565,4.67,5033,90.44
7,Prešovský kraj,706,Stará Ľubovňa,1,Pirátska strana - Slovensko,85,0.33,65,76.47
7,Prešovský kraj,706,Stará Ľubovňa,2,PRINCÍP,19,0.07,14,73.68
7,Prešovský kraj,706,Stará Ľubovňa,3,Progresívne Slovensko,1808,7.19,1419,78.48
7,Prešovský kraj,706,Stará Ľubovňa,4,SPOLOČNE OBČANIA SLOVENSKA,15,0.05,12,80.0
7,Prešovský kraj,706,Stará Ľubovňa,5,OĽANO A PRIATELIA,3869,15.39,3640,94.08
7,Prešovský kraj,706,Stará Ľubovňa,6,Komunistická strana Slovenska,83,0.33,66,79.51
7,Prešovský kraj,706,Stará Ľubovňa,7,Maďarské fórum,11,0.04,9,81.81
7,Prešovský kraj,706,Stará Ľubovňa,8,Vlastenecký blok,8,0.03,7,87.5
7,Prešovský kraj,706,Stará Ľubovňa,9,"Modrí, Most - Híd",19,0.07,10,52.63
7,Prešovský kraj,706,Stará Ľubovňa,10,SPRAVODLIVOSŤ,11,0.04,8,72.72
7,Prešovský kraj,706,Stará Ľubovňa,11,Slovenské Hnutie Obrody,5,0.01,3,60.0
7,Prešovský kraj,706,Stará Ľubovňa,12,Sloboda a Solidarita,761,3.02,663,87.12
7,Prešovský kraj,706,Stará Ľubovňa,13,SME RODINA,415,1.65,366,88.19
7,Prešovský kraj,706,Stará Ľubovňa,14,MySlovensko,23,0.09,16,69.56
7,Prešovský kraj,706,Stará Ľubovňa,15,Slovenská národná strana,1562,6.21,1438,92.06
7,Prešovský kraj,706,Stará Ľubovňa,16,SMER - sociálna demokracia,5835,23.21,5361,91.87
7,Prešovský kraj,706,Stará Ľubovňa,17,HLAS - sociálna demokracia,3908,15.54,3571,91.37
7,Prešovský kraj,706,Stará Ľubovňa,18,SZÖVETSÉG - Magyarok,8,0.03,6,75.0
7,Prešovský kraj,706,Stará Ľubovňa,19,SRDCE vlastenci a dôchodcovia,12,0.04,8,66.66
7,Prešovský kraj,706,Stará Ľubovňa,20,SDKU - DS,5,0.01,2,40.0
7,Prešovský kraj,706,Stará Ľubovňa,21,Kotlebovci - Ľudová strana Naše Slovensko,149,0.59,136,91.27
7,Prešovský kraj,706,Stará Ľubovňa,22,Demokrati,571,2.27,510,89.31
7,Prešovský kraj,706,Stará Ľubovňa,23,Kresťanskodemokratické hnutie,4408,17.53,3939,89.36
7,Prešovský kraj,706,Stará Ľubovňa,24,KARMA,10,0.03,7,70.0
7,Prešovský kraj,706,Stará Ľubovňa,25,REPUBLIKA,1536,6.11,1436,93.48
7,Prešovský kraj,707,Stropkov,1,Pirátska strana - Slovensko,32,0.31,22,68.75
7,Prešovský kraj,707,Stropkov,2,PRINCÍP,53,0.52,48,90.56
7,Prešovský kraj,707,Stropkov,3,Progresívne Slovensko,744,7.39,586,78.76
7,Prešovský kraj,707,Stropkov,4,SPOLOČNE OBČANIA SLOVENSKA,26,0.25,20,76.92
7,Prešovský kraj,707,Stropkov,5,OĽANO A PRIATELIA,1098,10.91,1014,92.34
7,Prešovský kraj,707,Stropkov,6,Komunistická strana Slovenska,43,0.42,35,81.39
7,Prešovský kraj,707,Stropkov,7,Maďarské fórum,9,0.08,5,55.55
7,Prešovský kraj,707,Stropkov,9,"Modrí, Most - Híd",6,0.05,5,83.33
7,Prešovský kraj,707,Stropkov,10,SPRAVODLIVOSŤ,2,0.01,2,100.0
7,Prešovský kraj,707,Stropkov,11,Slovenské Hnutie Obrody,3,0.02,2,66.66
7,Prešovský kraj,707,Stropkov,12,Sloboda a Solidarita,338,3.35,289,85.5
7,Prešovský kraj,707,Stropkov,13,SME RODINA,302,3.0,280,92.71
7,Prešovský kraj,707,Stropkov,14,MySlovensko,13,0.12,9,69.23
7,Prešovský kraj,707,Stropkov,15,Slovenská národná strana,820,8.15,727,88.65
7,Prešovský kraj,707,Stropkov,16,SMER - sociálna demokracia,2714,26.97,2381,87.73
7,Prešovský kraj,707,Stropkov,17,HLAS - sociálna demokracia,1729,17.18,1520,87.91
7,Prešovský kraj,707,Stropkov,18,SZÖVETSÉG - Magyarok,7,0.06,2,28.57
7,Prešovský kraj,707,Stropkov,19,SRDCE vlastenci a dôchodcovia,10,0.09,5,50.0
7,Prešovský kraj,707,Stropkov,20,SDKU - DS,5,0.04,1,20.0
7,Prešovský kraj,707,Stropkov,21,Kotlebovci - Ľudová strana Naše Slovensko,76,0.75,61,80.26
7,Prešovský kraj,707,Stropkov,22,Demokrati,249,2.47,223,89.55
7,Prešovský kraj,707,Stropkov,23,Kresťanskodemokratické hnutie,1268,12.6,1062,83.75
7,Prešovský kraj,707,Stropkov,24,KARMA,7,0.06,4,57.14
7,Prešovský kraj,707,Stropkov,25,REPUBLIKA,506,5.02,468,92.49
7,Prešovský kraj,708,Svidník,1,Pirátska strana - Slovensko,49,0.3,41,83.67
7,Prešovský kraj,708,Svidník,2,PRINCÍP,31,0.19,27,87.09
7,Prešovský kraj,708,Svidník,3,Progresívne Slovensko,1095,6.78,887,81.0
7,Prešovský kraj,708,Svidník,4,SPOLOČNE OBČANIA SLOVENSKA,28,0.17,18,64.28
7,Prešovský kraj,708,Svidník,5,OĽANO A PRIATELIA,2178,13.5,2022,92.83
7,Prešovský kraj,708,Svidník,6,Komunistická strana Slovenska,67,0.41,48,71.64
7,Prešovský kraj,708,Svidník,7,Maďarské fórum,3,0.01,3,100.0
7,Prešovský kraj,708,Svidník,8,Vlastenecký blok,5,0.03,4,80.0
7,Prešovský kraj,708,Svidník,9,"Modrí, Most - Híd",7,0.04,5,71.42
7,Prešovský kraj,708,Svidník,10,SPRAVODLIVOSŤ,7,0.04,4,57.14
7,Prešovský kraj,708,Svidník,11,Slovenské Hnutie Obrody,16,0.09,12,75.0
7,Prešovský kraj,708,Svidník,12,Sloboda a Solidarita,470,2.91,417,88.72
7,Prešovský kraj,708,Svidník,13,SME RODINA,387,2.39,340,87.85
7,Prešovský kraj,708,Svidník,14,MySlovensko,9,0.05,7,77.77
7,Prešovský kraj,708,Svidník,15,Slovenská národná strana,1028,6.37,953,92.7
7,Prešovský kraj,708,Svidník,16,SMER - sociálna demokracia,4754,29.46,4222,88.8
7,Prešovský kraj,708,Svidník,17,HLAS - sociálna demokracia,3309,20.51,2983,90.14
7,Prešovský kraj,708,Svidník,18,SZÖVETSÉG - Magyarok,9,0.05,7,77.77
7,Prešovský kraj,708,Svidník,19,SRDCE vlastenci a dôchodcovia,11,0.06,7,63.63
7,Prešovský kraj,708,Svidník,20,SDKU - DS,2,0.01,1,50.0
7,Prešovský kraj,708,Svidník,21,Kotlebovci - Ľudová strana Naše Slovensko,94,0.58,90,95.74
7,Prešovský kraj,708,Svidník,22,Demokrati,274,1.69,236,86.13
7,Prešovský kraj,708,Svidník,23,Kresťanskodemokratické hnutie,1532,9.49,1372,89.55
7,Prešovský kraj,708,Svidník,24,KARMA,3,0.01,2,66.66
7,Prešovský kraj,708,Svidník,25,REPUBLIKA,765,4.74,697,91.11
7,Prešovský kraj,709,Vranov nad Topľou,1,Pirátska strana - Slovensko,92,0.23,72,78.26
7,Prešovský kraj,709,Vranov nad Topľou,2,PRINCÍP,73,0.18,69,94.52
7,Prešovský kraj,709,Vranov nad Topľou,3,Progresívne Slovensko,2610,6.66,2089,80.03
7,Prešovský kraj,709,Vranov nad Topľou,4,SPOLOČNE OBČANIA SLOVENSKA,23,0.05,16,69.56
7,Prešovský kraj,709,Vranov nad Topľou,5,OĽANO A PRIATELIA,7643,19.52,7190,94.07
7,Prešovský kraj,709,Vranov nad Topľou,6,Komunistická strana Slovenska,120,0.3,92,76.66
7,Prešovský kraj,709,Vranov nad Topľou,7,Maďarské fórum,21,0.05,20,95.23
7,Prešovský kraj,709,Vranov nad Topľou,8,Vlastenecký blok,10,0.02,8,80.0
7,Prešovský kraj,709,Vranov nad Topľou,9,"Modrí, Most - Híd",39,0.09,30,76.92
7,Prešovský kraj,709,Vranov nad Topľou,10,SPRAVODLIVOSŤ,7,0.01,6,85.71
7,Prešovský kraj,709,Vranov nad Topľou,11,Slovenské Hnutie Obrody,10,0.02,4,40.0
7,Prešovský kraj,709,Vranov nad Topľou,12,Sloboda a Solidarita,999,2.55,878,87.88
7,Prešovský kraj,709,Vranov nad Topľou,13,SME RODINA,859,2.19,785,91.38
7,Prešovský kraj,709,Vranov nad Topľou,14,MySlovensko,22,0.05,17,77.27
7,Prešovský kraj,709,Vranov nad Topľou,15,Slovenská národná strana,2299,5.87,2124,92.38
7,Prešovský kraj,709,Vranov nad Topľou,16,SMER - sociálna demokracia,10737,27.42,9532,88.77
7,Prešovský kraj,709,Vranov nad Topľou,17,HLAS - sociálna demokracia,6882,17.57,6184,89.85
7,Prešovský kraj,709,Vranov nad Topľou,18,SZÖVETSÉG - Magyarok,20,0.05,12,60.0
7,Prešovský kraj,709,Vranov nad Topľou,19,SRDCE vlastenci a dôchodcovia,16,0.04,11,68.75
7,Prešovský kraj,709,Vranov nad Topľou,20,SDKU - DS,12,0.03,9,75.0
7,Prešovský kraj,709,Vranov nad Topľou,21,Kotlebovci - Ľudová strana Naše Slovensko,279,0.71,252,90.32
7,Prešovský kraj,709,Vranov nad Topľou,22,Demokrati,656,1.67,586,89.32
7,Prešovský kraj,709,Vranov nad Topľou,23,Kresťanskodemokratické hnutie,3624,9.25,3040,83.88
7,Prešovský kraj,709,Vranov nad Topľou,24,KARMA,13,0.03,8,61.53
7,Prešovský kraj,709,Vranov nad Topľou,25,REPUBLIKA,2085,5.32,1948,93.42
8,Košický kraj,801,Košice,1,Pirátska strana - Slovensko,278,0.23,178,64.02
8,Košický kraj,801,Košice,2,PRINCÍP,73,0.06,56,76.71
8,Košický kraj,801,Košice,3,Progresívne Slovensko,27712,23.92,21172,76.4
8,Košický kraj,801,Košice,4,SPOLOČNE OBČANIA SLOVENSKA,73,0.06,46,63.01
8,Košický kraj,801,Košice,5,OĽANO A PRIATELIA,10681,9.21,9566,89.56
8,Košický kraj,801,Košice,6,Komunistická strana Slovenska,290,0.25,208,71.72
8,Košický kraj,801,Košice,7,Maďarské fórum,125,0.1,100,80.0
8,Košický kraj,801,Košice,8,Vlastenecký blok,25,0.02,17,68.0
8,Košický kraj,801,Košice,9,"Modrí, Most - Híd",388,0.33,328,84.53
8,Košický kraj,801,Košice,10,SPRAVODLIVOSŤ,62,0.05,43,69.35
8,Košický kraj,801,Košice,11,Slovenské Hnutie Obrody,70,0.06,61,87.14
8,Košický kraj,801,Košice,12,Sloboda a Solidarita,11034,9.52,9234,83.68
8,Košický kraj,801,Košice,13,SME RODINA,3007,2.59,2565,85.3
8,Košický kraj,801,Košice,14,MySlovensko,83,0.07,55,66.26
8,Košický kraj,801,Košice,15,Slovenská národná strana,5190,4.47,4695,90.46
8,Košický kraj,801,Košice,16,SMER - sociálna demokracia,20761,17.92,17826,85.86
8,Košický kraj,801,Košice,17,HLAS - sociálna demokracia,15386,13.28,13167,85.57
8,Košický kraj,801,Košice,18,SZÖVETSÉG - Magyarok,1431,1.23,1216,84.97
8,Košický kraj,801,Košice,19,SRDCE vlastenci a dôchodcovia,48,0.04,26,54.16
8,Košický kraj,801,Košice,20,SDKU - DS,27,0.02,10,37.03
8,Košický kraj,801,Košice,21,Kotlebovci - Ľudová strana Naše Slovensko,755,0.65,688,91.12
8,Košický kraj,801,Košice,22,Demokrati,4985,4.3,4359,87.44
8,Košický kraj,801,Košice,23,Kresťanskodemokratické hnutie,8473,7.31,6945,81.96
8,Košický kraj,801,Košice,24,KARMA,100,0.08,64,64.0
8,Košický kraj,801,Košice,25,REPUBLIKA,4793,4.13,4246,88.58
8,Košický kraj,802,Košice - okolie,1,Pirátska strana - Slovensko,274,0.44,222,81.02
8,Košický kraj,802,Košice - okolie,2,PRINCÍP,76,0.12,60,78.94
8,Košický kraj,802,Košice - okolie,3,Progresívne Slovensko,7791,12.51,5987,76.84
8,Košický kraj,802,Košice - okolie,4,SPOLOČNE OBČANIA SLOVENSKA,62,0.09,36,58.06
8,Košický kraj,802,Košice - okolie,5,OĽANO A PRIATELIA,11685,18.76,10907,93.34
8,Košický kraj,802,Košice - okolie,6,Komunistická strana Slovenska,171,0.27,131,76.6
8,Košický kraj,802,Košice - okolie,7,Maďarské fórum,149,0.23,136,91.27
8,Košický kraj,802,Košice - okolie,8,Vlastenecký blok,23,0.03,20,86.95
8,Košický kraj,802,Košice - okolie,9,"Modrí, Most - Híd",180,0.28,148,82.22
8,Košický kraj,802,Košice - okolie,10,SPRAVODLIVOSŤ,33,0.05,20,60.6
8,Košický kraj,802,Košice - okolie,11,Slovenské Hnutie Obrody,42,0.06,32,76.19
8,Košický kraj,802,Košice - okolie,12,Sloboda a Solidarita,3243,5.2,2752,84.85
8,Košický kraj,802,Košice - okolie,13,SME RODINA,2028,3.25,1753,86.43
8,Košický kraj,802,Košice - okolie,14,MySlovensko,42,0.06,31,73.8
8,Košický kraj,802,Košice - okolie,15,Slovenská národná strana,2541,4.08,2284,89.88
8,Košický kraj,802,Košice - okolie,16,SMER - sociálna demokracia,11336,18.2,10017,88.36
8,Košický kraj,802,Košice - okolie,17,HLAS - sociálna demokracia,9114,14.63,8049,88.31
8,Košický kraj,802,Košice - okolie,18,SZÖVETSÉG - Magyarok,3591,5.76,3230,89.94
8,Košický kraj,802,Košice - okolie,19,SRDCE vlastenci a dôchodcovia,27,0.04,20,74.07
8,Košický kraj,802,Košice - okolie,20,SDKU - DS,25,0.04,19,76.0
8,Košický kraj,802,Košice - okolie,21,Kotlebovci - Ľudová strana Naše Slovensko,488,0.78,435,89.13
8,Košický kraj,802,Košice - okolie,22,Demokrati,1825,2.93,1596,87.45
8,Košický kraj,802,Košice - okolie,23,Kresťanskodemokratické hnutie,4115,6.6,3203,77.83
8,Košický kraj,802,Košice - okolie,24,KARMA,41,0.06,25,60.97
8,Košický kraj,802,Košice - okolie,25,REPUBLIKA,3353,5.38,3000,89.47
8,Košický kraj,803,Michalovce,1,Pirátska strana - Slovensko,205,0.34,159,77.56
8,Košický kraj,803,Michalovce,2,PRINCÍP,91,0.15,78,85.71
8,Košický kraj,803,Michalovce,3,Progresívne Slovensko,4778,8.14,3632,76.01
8,Košický kraj,803,Michalovce,4,SPOLOČNE OBČANIA SLOVENSKA,37,0.06,30,81.08
8,Košický kraj,803,Michalovce,5,OĽANO A PRIATELIA,7663,13.05,7121,92.92
8,Košický kraj,803,Michalovce,6,Komunistická strana Slovenska,219,0.37,163,74.42
8,Košický kraj,803,Michalovce,7,Maďarské fórum,67,0.11,55,82.08
8,Košický kraj,803,Michalovce,8,Vlastenecký blok,38,0.06,31,81.57
8,Košický kraj,803,Michalovce,9,"Modrí, Most - Híd",352,0.59,333,94.6
8,Košický kraj,803,Michalovce,10,SPRAVODLIVOSŤ,27,0.04,16,59.25
8,Košický kraj,803,Michalovce,11,Slovenské Hnutie Obrody,33,0.05,26,78.78
8,Košický kraj,803,Michalovce,12,Sloboda a Solidarita,2092,3.56,1788,85.46
8,Košický kraj,803,Michalovce,13,SME RODINA,1705,2.9,1528,89.61
8,Košický kraj,803,Michalovce,14,MySlovensko,43,0.07,32,74.41
8,Košický kraj,803,Michalovce,15,Slovenská národná strana,2807,4.78,2533,90.23
8,Košický kraj,803,Michalovce,16,SMER - sociálna demokracia,17341,29.55,15694,90.5
8,Košický kraj,803,Michalovce,17,HLAS - sociálna demokracia,10351,17.63,9243,89.29
8,Košický kraj,803,Michalovce,18,SZÖVETSÉG - Magyarok,2851,4.85,2661,93.33
8,Košický kraj,803,Michalovce,19,SRDCE vlastenci a dôchodcovia,41,0.06,28,68.29
8,Košický kraj,803,Michalovce,20,SDKU - DS,10,0.01,8,80.0
8,Košický kraj,803,Michalovce,21,Kotlebovci - Ľudová strana Naše Slovensko,407,0.69,370,90.9
8,Košický kraj,803,Michalovce,22,Demokrati,1236,2.1,1112,89.96
8,Košický kraj,803,Michalovce,23,Kresťanskodemokratické hnutie,3409,5.8,2701,79.23
8,Košický kraj,803,Michalovce,24,KARMA,35,0.05,26,74.28
8,Košický kraj,803,Michalovce,25,REPUBLIKA,2844,4.84,2592,91.13
8,Košický kraj,804,Rožňava,1,Pirátska strana - Slovensko,184,0.72,155,84.23
8,Košický kraj,804,Rožňava,2,PRINCÍP,40,0.15,34,85.0
8,Košický kraj,804,Rožňava,3,Progresívne Slovensko,2965,11.6,2195,74.03
8,Košický kraj,804,Rožňava,4,SPOLOČNE OBČANIA SLOVENSKA,26,0.1,20,76.92
8,Košický kraj,804,Rožňava,5,OĽANO A PRIATELIA,3810,14.91,3342,87.71
8,Košický kraj,804,Rožňava,6,Komunistická strana Slovenska,131,0.51,96,73.28
8,Košický kraj,804,Rožňava,7,Maďarské fórum,65,0.25,52,80.0
8,Košický kraj,804,Rožňava,8,Vlastenecký blok,12,0.04,7,58.33
8,Košický kraj,804,Rožňava,9,"Modrí, Most - Híd",129,0.5,108,83.72
8,Košický kraj,804,Rožňava,10,SPRAVODLIVOSŤ,12,0.04,10,83.33
8,Košický kraj,804,Rožňava,11,Slovenské Hnutie Obrody,18,0.07,13,72.22
8,Košický kraj,804,Rožňava,12,Sloboda a Solidarita,949,3.71,793,83.56
8,Košický kraj,804,Rožňava,13,SME RODINA,613,2.39,504,82.21
8,Košický kraj,804,Rožňava,14,MySlovensko,14,0.05,9,64.28
8,Košický kraj,804,Rožňava,15,Slovenská národná strana,1014,3.96,916,90.33
8,Košický kraj,804,Rožňava,16,SMER - sociálna demokracia,4462,17.46,3837,85.99
8,Košický kraj,804,Rožňava,17,HLAS - sociálna demokracia,4003,15.66,3469,86.66
8,Košický kraj,804,Rožňava,18,SZÖVETSÉG - Magyarok,4275,16.73,3857,90.22
8,Košický kraj,804,Rožňava,19,SRDCE vlastenci a dôchodcovia,27,0.1,15,55.55
8,Košický kraj,804,Rožňava,20,SDKU - DS,2,0.0,1,50.0
8,Košický kraj,804,Rožňava,21,Kotlebovci - Ľudová strana Naše Slovensko,223,0.87,191,85.65
8,Košický kraj,804,Rožňava,22,Demokrati,587,2.29,509,86.71
8,Košický kraj,804,Rožňava,23,Kresťanskodemokratické hnutie,405,1.58,307,75.8
8,Košický kraj,804,Rožňava,24,KARMA,24,0.09,19,79.16
8,Košický kraj,804,Rožňava,25,REPUBLIKA,1557,6.09,1389,89.21
8,Košický kraj,805,Spišská Nová Ves,1,Pirátska strana - Slovensko,248,0.42,191,77.01
8,Košický kraj,805,Spišská Nová Ves,2,PRINCÍP,53,0.09,45,84.9
8,Košický kraj,805,Spišská Nová Ves,3,Progresívne Slovensko,6822,11.8,4996,73.23
8,Košický kraj,805,Spišská Nová Ves,4,SPOLOČNE OBČANIA SLOVENSKA,47,0.08,28,59.57
8,Košický kraj,805,Spišská Nová Ves,5,OĽANO A PRIATELIA,9564,16.54,8709,91.06
8,Košický kraj,805,Spišská Nová Ves,6,Komunistická strana Slovenska,227,0.39,151,66.51
8,Košický kraj,805,Spišská Nová Ves,7,Maďarské fórum,38,0.06,33,86.84
8,Košický kraj,805,Spišská Nová Ves,8,Vlastenecký blok,21,0.03,16,76.19
8,Košický kraj,805,Spišská Nová Ves,9,"Modrí, Most - Híd",74,0.12,46,62.16
8,Košický kraj,805,Spišská Nová Ves,10,SPRAVODLIVOSŤ,31,0.05,14,45.16
8,Košický kraj,805,Spišská Nová Ves,11,Slovenské Hnutie Obrody,30,0.05,15,50.0
8,Košický kraj,805,Spišská Nová Ves,12,Sloboda a Solidarita,2502,4.32,2073,82.85
8,Košický kraj,805,Spišská Nová Ves,13,SME RODINA,1478,2.55,1278,86.46
8,Košický kraj,805,Spišská Nová Ves,14,MySlovensko,95,0.16,78,82.1
8,Košický kraj,805,Spišská Nová Ves,15,Slovenská národná strana,2927,5.06,2634,89.98
8,Košický kraj,805,Spišská Nová Ves,16,SMER - sociálna demokracia,12327,21.32,10536,85.47
8,Košický kraj,805,Spišská Nová Ves,17,HLAS - sociálna demokracia,9391,16.24,8062,85.84
8,Košický kraj,805,Spišská Nová Ves,18,SZÖVETSÉG - Magyarok,49,0.08,33,67.34
8,Košický kraj,805,Spišská Nová Ves,19,SRDCE vlastenci a dôchodcovia,36,0.06,24,66.66
8,Košický kraj,805,Spišská Nová Ves,20,SDKU - DS,16,0.02,9,56.25
8,Košický kraj,805,Spišská Nová Ves,21,Kotlebovci - Ľudová strana Naše Slovensko,633,1.09,561,88.62
8,Košický kraj,805,Spišská Nová Ves,22,Demokrati,1430,2.47,1217,85.1
8,Košický kraj,805,Spišská Nová Ves,23,Kresťanskodemokratické hnutie,5924,10.25,4751,80.19
8,Košický kraj,805,Spišská Nová Ves,24,KARMA,40,0.06,20,50.0
8,Košický kraj,805,Spišská Nová Ves,25,REPUBLIKA,3792,6.56,3347,88.26
8,Košický kraj,806,Trebišov,1,Pirátska strana - Slovensko,283,0.65,230,81.27
8,Košický kraj,806,Trebišov,2,PRINCÍP,150,0.34,141,94.0
8,Košický kraj,806,Trebišov,3,Progresívne Slovensko,3324,7.64,2665,80.17
8,Košický kraj,806,Trebišov,4,SPOLOČNE OBČANIA SLOVENSKA,42,0.09,27,64.28
8,Košický kraj,806,Trebišov,5,OĽANO A PRIATELIA,5575,12.82,5223,93.68
8,Košický kraj,806,Trebišov,6,Komunistická strana Slovenska,185,0.42,154,83.24
8,Košický kraj,806,Trebišov,7,Maďarské fórum,82,0.18,71,86.58
8,Košický kraj,806,Trebišov,8,Vlastenecký blok,24,0.05,17,70.83
8,Košický kraj,806,Trebišov,9,"Modrí, Most - Híd",85,0.19,64,75.29
8,Košický kraj,806,Trebišov,10,SPRAVODLIVOSŤ,23,0.05,16,69.56
8,Košický kraj,806,Trebišov,11,Slovenské Hnutie Obrody,13,0.02,10,76.92
8,Košický kraj,806,Trebišov,12,Sloboda a Solidarita,1065,2.44,928,87.13
8,Košický kraj,806,Trebišov,13,SME RODINA,1177,2.7,1099,93.37
8,Košický kraj,806,Trebišov,14,MySlovensko,21,0.04,15,71.42
8,Košický kraj,806,Trebišov,15,Slovenská národná strana,1466,3.37,1328,90.58
8,Košický kraj,806,Trebišov,16,SMER - sociálna demokracia,10525,24.2,9648,91.66
8,Košický kraj,806,Trebišov,17,HLAS - sociálna demokracia,6609,15.19,6028,91.2
8,Košický kraj,806,Trebišov,18,SZÖVETSÉG - Magyarok,7585,17.44,7383,97.33
8,Košický kraj,806,Trebišov,19,SRDCE vlastenci a dôchodcovia,19,0.04,15,78.94
8,Košický kraj,806,Trebišov,20,SDKU - DS,16,0.03,14,87.5
8,Košický kraj,806,Trebišov,21,Kotlebovci - Ľudová strana Naše Slovensko,264,0.6,233,88.25
8,Košický kraj,806,Trebišov,22,Demokrati,800,1.83,730,91.25
8,Košický kraj,806,Trebišov,23,Kresťanskodemokratické hnutie,2403,5.52,1991,82.85
8,Košický kraj,806,Trebišov,24,KARMA,12,0.02,11,91.66
8,Košický kraj,806,Trebišov,25,REPUBLIKA,1736,3.99,1607,92.56
9,Cudzina,900,Cudzina,1,Pirátska strana - Slovensko,90,0.15,49,54.44
9,Cudzina,900,Cudzina,2,PRINCÍP,8,0.01,7,87.5
9,Cudzina,900,Cudzina,3,Progresívne Slovensko,35701,61.7,21162,59.27
9,Cudzina,900,Cudzina,4,SPOLOČNE OBČANIA SLOVENSKA,9,0.01,4,44.44
9,Cudzina,900,Cudzina,5,OĽANO A PRIATELIA,2208,3.81,1954,88.49
9,Cudzina,900,Cudzina,6,Komunistická strana Slovenska,27,0.04,17,62.96
9,Cudzina,900,Cudzina,7,Maďarské fórum,38,0.06,31,81.57
9,Cudzina,900,Cudzina,8,Vlastenecký blok,13,0.02,9,69.23
9,Cudzina,900,Cudzina,9,"Modrí, Most - Híd",198,0.34,144,72.72
9,Cudzina,900,Cudzina,10,SPRAVODLIVOSŤ,6,0.01,2,33.33
9,Cudzina,900,Cudzina,11,Slovenské Hnutie Obrody,11,0.01,7,63.63
9,Cudzina,900,Cudzina,12,Sloboda a Solidarita,6252,10.8,4895,78.29
9,Cudzina,900,Cudzina,13,SME RODINA,323,0.55,248,76.78
9,Cudzina,900,Cudzina,14,MySlovensko,70,0.12,32,45.71
9,Cudzina,900,Cudzina,15,Slovenská národná strana,2197,3.79,2031,92.44
9,Cudzina,900,Cudzina,16,SMER - sociálna demokracia,3531,6.1,2740,77.59
9,Cudzina,900,Cudzina,17,HLAS - sociálna demokracia,1428,2.46,1038,72.68
9,Cudzina,900,Cudzina,18,SZÖVETSÉG - Magyarok,274,0.47,234,85.4
9,Cudzina,900,Cudzina,19,SRDCE vlastenci a dôchodcovia,11,0.01,4,36.36
9,Cudzina,900,Cudzina,21,Kotlebovci - Ľudová strana Naše Slovensko,225,0.38,204,90.66
9,Cudzina,900,Cudzina,22,Demokrati,1448,2.5,1186,81.9
9,Cudzina,900,Cudzina,23,Kresťanskodemokratické hnutie,1920,3.31,1393,72.55
9,Cudzina,900,Cudzina,24,KARMA,16,0.02,8,50.0
9,Cudzina,900,Cudzina,25,REPUBLIKA,1852,3.2,1476,79.69
